Sample_Name,Proposal_ID,Sampling_Set,Core_Section,Rep,Total_C_percent,Total_N_percent,Total_Kjeldahl_N_percent,Total_S_percent,SO4S_mg_per_kg,B_mg_per_kg,Zn_mg_per_kg,Mn_mg_per_kg,Cu_mg_per_kg,Fe_mg_per_kg,Ca_meq_per_100g,Mg_meq_per_100g,Na_meq_per_100g,K_meq_per_100g,TotalBases_meq_per_100g,CEC_meq_per_100g,NH4N_mg_per_kg,NO3N_mg_per_kg,MBC_mg_per_kg,MBN_mg_per_kg,Extraction_method,P_Bicarb_mg_per_kg,Bulk_density_g_per_cm3,Respiration_rate_per_day_mg_per_g_per_hr,respiration_flag,MAOM_TOC_mg_per_kg,MAOM_TN__mg_per_kg,WEOM_TOC_mg_per_kg,WEOM_TN_mg_per_kg,pH,GWC_percent,flag_Elemental_analysis_Processed_data,flag_Ions_Processed_data,flag_N_ext_Processed_data,flag_MicrobialBiomass_Processed_data,flag_P_ext_Processed_data,flag_MAOM_Processed_data,flag_WEOM_Processed_data
60846_12_BTM_1,60846,12,BTM,1,1.72,0.1,0.1,0.012,18,0.6,0.2,8.8,0.2,211,6.79,0.61,0.09,0.05,7.54,20.1,1.15,0.17,14.44,5.33,Bray,3.31,1.05,,,953.58,44.22,,,4.97,27.52,,,,filter-blank 11.07 mg/L NPOC,,,
60846_12_BTM_2,60846,12,BTM,2,,,,,,,,,,,,,,,,,0.0,0.0,128.26,3.09,Bray,2.99,,,,1079.56,49.95,,,,,,,"NO3N below detection, NH4N below detection",filter-blank 11.07 mg/L NPOC,,,
60846_12_BTM_3,60846,12,BTM,3,,,,,,,,,,,,,,,,,0.74,0.0,123.68,3.73,Bray,2.72,,,,895.68,36.37,,,,,,,NO3N below detection,filter-blank 11.07 mg/L NPOC,,,
60846_12_TOP_1,60846,12,TOP,1,8.18,0.56,0.56,0.066,24,0.49,0.5,5.3,0.1,272,7.75,0.66,0.18,0.14,8.73,46.84,0.0,0.0,205.81,23.24,Bray,0.0,0.53,,,2882.53,143.98,,,5.05,62.46,,,"NO3N below detection, NH4N below detection",filter-blank 11.07 mg/L NPOC,P below detection,,
60846_12_TOP_2,60846,12,TOP,2,,,,,,,,,,,,,,,,,0.0,0.0,238.05,26.07,Bray,0.0,,,,3221.88,145.32,,,,,,,"NO3N below detection, NH4N below detection",filter-blank 11.07 mg/L NPOC,P below detection,,
60846_12_TOP_3,60846,12,TOP,3,,,,,,,,,,,,,,,,,2.09,0.0,232.96,28.49,Bray,0.0,,,,2722.67,128.74,,,,,,,NO3N below detection,filter-blank 11.07 mg/L NPOC,P below detection,,
60846_17_BTM_1,60846,17,BTM,1,0.48,0.06,0.06,0.002,33,0.82,0.2,2.2,0.3,259,0.66,0.43,0.09,0.03,1.21,9.46,0.0,0.0,73.47,2.03,Bray,4.05,1.45,,,491.66,20.07,11.88,1.06,4.59,18.92,,,"NO3N below detection, NH4N below detection",filter-blank 11.07 mg/L NPOC,,,
60846_17_BTM_2,60846,17,BTM,2,,,,,,,,,,,,,,,,,0.0,0.0,72.42,2.46,Bray,4.19,,,,649.01,17.68,9.18,0.46,,,,,"NO3N below detection, NH4N below detection",filter-blank 11.07 mg/L NPOC,,,
60846_17_BTM_3,60846,17,BTM,3,,,,,,,,,,,,,,,,,1.06,0.0,47.15,1.7,Bray,3.21,,,,613.59,18.85,18.08,0.53,,,,,NO3N below detection,filter-blank 11.07 mg/L NPOC,,,
60846_17_TOP_1,60846,17,TOP,1,3.4,0.16,0.16,0.001,13,1.64,0.4,1.6,0.3,625,0.68,0.25,0.08,0.07,1.08,17.32,0.0,0.0,117.08,8.18,Bray,0.94,0.81,,,1671.24,51.82,33.92,1.61,4.63,29.33,,,"NO3N below detection, NH4N below detection",filter-blank 11.07 mg/L NPOC,,,
60846_17_TOP_2,60846,17,TOP,2,,,,,,,,,,,,,,,,,0.34,0.0,113.19,21.53,Bray,0.92,,,,1943.84,60.3,33.06,0.72,,,,,NO3N below detection,filter-blank 11.07 mg/L NPOC,,,
60846_17_TOP_3,60846,17,TOP,3,,,,,,,,,,,,,,,,,1.59,0.17,127.44,24.31,Bray,0.59,,,,1583.24,58.37,34.88,1.14,,,,,,filter-blank 11.07 mg/L NPOC,,,
60846_2_BTM_1,60846,2,BTM,1,0.51,0.09,0.09,0.007,52,0.02,0.3,0.1,0.3,12,1.0,0.54,0.09,0.07,1.7,12.29,0.0,0.0,72.9,0.61,Bray,0.0,1.39,,,465.44,20.27,21.46,1.84,4.9,24.11,,,"NO3N below detection, NH4N below detection",filter-blank 11.07 mg/L NPOC,P below detection,,
60846_2_BTM_2,60846,2,BTM,2,,,,,,,,,,,,,,,,,0.0,0.0,48.41,0.0,Bray,0.78,,,,1257.4,48.58,19.4,1.19,,,,,"NO3N below detection, NH4N below detection","filter-blank 11.07 mg/L NPOC, TN below detection",,,
60846_2_BTM_3,60846,2,BTM,3,,,,,,,,,,,,,,,,,1.51,0.0,0.26,0.33,Bray,0.0,,,,548.8,25.38,17.77,1.05,,,,,NO3N below detection,filter-blank 11.07 mg/L NPOC,P below detection,,
60846_2_TOP_1,60846,2,TOP,1,7.34,0.3,0.3,0.008,4,0.53,1.1,2.8,0.2,262,1.35,0.58,0.09,0.13,2.15,21.21,0.85,0.0,195.51,12.86,Bray,0.0,0.83,,,883.56,32.72,51.47,3.67,4.93,43.7,,,NO3N below detection,filter-blank 11.07 mg/L NPOC,P below detection,,
60846_2_TOP_2,60846,2,TOP,2,,,,,,,,,,,,,,,,,1.81,0.0,67.9,7.18,Bray,0.13,,,,612.85,27.16,42.33,1.25,,,,,NO3N below detection,filter-blank 11.07 mg/L NPOC,,,
60846_2_TOP_3,60846,2,TOP,3,,,,,,,,,,,,,,,,,3.71,0.0,76.36,4.44,Bray,0.0,,,,1411.74,45.36,37.69,1.56,,,,,NO3N below detection,filter-blank 11.07 mg/L NPOC,P below detection,,
60846_5_BTM_1,60846,5,BTM,1,2.05,0.14,0.14,0.006,42,2.02,0.7,1.1,0.4,715,1.29,0.33,0.11,0.05,1.78,11.62,1.29,0.0,51.63,7.5,Bray,2.12,0.71,,,1161.06,45.05,57.6,3.01,4.81,40.01,,,NO3N below detection,filter-blank 11.07 mg/L NPOC,,,
60846_5_BTM_2,60846,5,BTM,2,,,,,,,,,,,,,,,,,0.0,0.0,47.7,1.96,Bray,1.89,,,,1254.72,45.31,63.75,3.23,,,,,"NO3N below detection, NH4N below detection",filter-blank 11.07 mg/L NPOC,,,
60846_5_BTM_3,60846,5,BTM,3,,,,,,,,,,,,,,,,,0.37,0.0,65.38,7.46,Bray,0.67,,,,1025.36,35.97,,,,,,,NO3N below detection,filter-blank 11.07 mg/L NPOC,,,
60846_5_TOP_1,60846,5,TOP,1,6.26,0.36,0.36,0.05,24,0.32,0.1,0.9,0.4,196,1.38,0.37,0.09,0.08,1.92,29.04,1.07,0.0,431.2,39.83,Bray,0.0,0.24,,,2107.97,158.54,224.48,12.66,4.79,253.1,,,NO3N below detection,filter-blank 11.07 mg/L NPOC,P below detection,,
60846_5_TOP_2,60846,5,TOP,2,,,,,,,,,,,,,,,,,3.7,0.0,417.55,35.8,Bray,0.0,,,,2019.72,135.7,196.27,9.1,,,,,NO3N below detection,filter-blank 11.07 mg/L NPOC,P below detection,,
60846_5_TOP_3,60846,5,TOP,3,,,,,,,,,,,,,,,,,7.62,0.0,442.91,42.49,Bray,0.0,,,,2004.93,147.98,190.82,9.64,,,,,NO3N below detection,filter-blank 11.07 mg/L NPOC,P below detection,,
60846_7_BTM_1,60846,7,BTM,1,0.46,0.08,0.08,0.0,119,0.08,0.01,0.3,0.4,16,0.48,0.21,0.02,0.06,0.77,10.46,0.0,0.0,16.64,1.96,Bray,0.0,1.18,,,345.33,17.06,19.14,1.34,4.52,20.62,,,"NO3N below detection, NH4N below detection",filter-blank 11.07 mg/L NPOC,P below detection,,
60846_7_BTM_2,60846,7,BTM,2,,,,,,,,,,,,,,,,,0.0,0.0,0.25,0.64,Bray,0.0,,,,498.53,20.54,23.36,1.29,,,,,"NO3N below detection, NH4N below detection",filter-blank 11.07 mg/L NPOC,P below detection,,
60846_7_BTM_3,60846,7,BTM,3,,,,,,,,,,,,,,,,,1.84,0.0,14.09,2.02,Bray,0.0,,,,549.08,19.34,26.6,0.93,,,,,NO3N below detection,filter-blank 11.07 mg/L NPOC,P below detection,,
60846_7_TOP_1,60846,7,TOP,1,2.8,0.14,0.14,0.009,32,1.25,0.6,0.6,0.1,408,0.33,0.16,0.01,0.05,0.55,18.95,0.0,0.0,168.15,25.17,Bray,0.27,0.85,,,1531.65,62.21,64.08,3.04,4.26,31.51,,,"NO3N below detection, NH4N below detection",filter-blank 11.07 mg/L NPOC,,,
60846_7_TOP_2,60846,7,TOP,2,,,,,,,,,,,,,,,,,2.05,1.03,169.98,27.62,Bray,1.07,,,,1595.09,70.22,52.9,2.79,,,,,,filter-blank 11.07 mg/L NPOC,,,
60846_7_TOP_3,60846,7,TOP,3,,,,,,,,,,,,,,,,,3.76,1.45,130.12,24.34,Bray,0.79,,,,1373.77,52.19,59.31,2.47,,,,,,filter-blank 11.07 mg/L NPOC,,,
60880_1_BTM_1,60880,1,BTM,1,,,,,,,,,,,,,,,,,1.08,0.0,0.47,3.96,Bray,0.28,1.52,,,764.24,51.83,23.56,2.71,5.38,16.78,,,NO3N below detection,filter-blank 34.03 mg/L NPOC,,,
60880_1_BTM_2,60880,1,BTM,2,,,,,,,,,,,,,,,,,0.91,0.0,19.71,4.03,Bray,0.69,,,,796.62,42.06,22.49,2.64,,,,,NO3N below detection,filter-blank 34.03 mg/L NPOC,,,
60880_1_BTM_3,60880,1,BTM,3,,,,,,,,,,,,,,,,,1.12,0.0,31.63,3.64,Bray,0.53,,,,1079.16,26.06,,,,,,,NO3N below detection,filter-blank 34.03 mg/L NPOC,,,
60880_1_TOP_1,60880,1,TOP,1,2.97,0.27,0.27,0.05,5,0.17,1.2,9.4,1.1,132,19.01,3.16,0.14,0.51,22.82,46.31,7.23,3.06,39.0,9.9,Bray,3.47,1.44,,,1144.84,72.17,,,5.41,16.61,,,,filter-blank 34.03 mg/L NPOC,,,
60880_1_TOP_2,60880,1,TOP,2,,,,,,,,,,,,,,,,,6.21,1.85,57.62,8.96,Bray,3.58,,,,1310.93,102.87,81.84,10.98,,,,,,filter-blank 34.03 mg/L NPOC,,,
60880_1_TOP_3,60880,1,TOP,3,,,,,,,,,,,,,,,,,6.06,2.14,79.73,10.99,Bray,3.17,,,,1323.65,45.22,84.76,12.37,,,,,,filter-blank 34.03 mg/L NPOC,,,
60880_2_BTM_1,60880,2,BTM,1,3.37,0.23,0.23,0.044,3,0.25,0.4,1.2,0.4,23,21.66,1.18,0.11,0.32,23.27,18.57,2.0,0.0,462.17,10.08,Olsen,3.35,2.54,,,1562.43,29.75,17.67,2.34,7.8,19.7,,,NO3N below detection,,,,
60880_2_BTM_2,60880,2,BTM,2,,,,,,,,,,,,,,,,,1.77,0.0,455.84,10.2,Olsen,0.0,,,,788.94,25.64,14.77,1.94,,,,,NO3N below detection,,P below detection,,
60880_2_BTM_3,60880,2,BTM,3,,,,,,,,,,,,,,,,,1.92,0.0,539.74,15.15,Olsen,0.0,,,,640.64,22.62,18.42,2.54,,,,,NO3N below detection,,P below detection,,
60880_2_TOP_1,60880,2,TOP,1,2.58,0.21,0.21,0.033,5,0.28,0.4,1.4,0.5,23,19.84,0.92,0.1,0.29,21.15,18.56,5.24,0.0,494.15,19.34,Bray,0.41,0.39,,,1033.43,42.46,29.42,3.18,6.61,23.89,,,NO3N below detection,,,,
60880_2_TOP_2,60880,2,TOP,2,,,,,,,,,,,,,,,,,4.86,0.0,507.54,15.26,Bray,0.02,,,,1114.6,52.42,33.81,3.7,,,,,NO3N below detection,,,,
60880_2_TOP_3,60880,2,TOP,3,,,,,,,,,,,,,,,,,4.86,0.0,604.07,26.36,Bray,0.36,,,,1000.24,56.84,31.42,3.15,,,,,NO3N below detection,,,,
60880_3_BTM_1,60880,3,BTM,1,,,,,,,,,,,,,,,,,0.32,0.0,23.65,2.85,Bray,1.92,0.46,,Out_of_Range,1346.06,20.39,46.38,3.28,5.49,23.05,,,NO3N below detection,,,,
60880_3_BTM_2,60880,3,BTM,2,,,,,,,,,,,,,,,,,3.06,0.0,24.58,3.03,Bray,5.06,,,,560.37,14.33,54.54,3.58,,,,,NO3N below detection,,,,
60880_3_BTM_3,60880,3,BTM,3,,,,,,,,,,,,,,,,,5.03,0.0,27.32,3.66,Bray,3.57,,,,741.0,14.45,59.57,3.56,,,,,NO3N below detection,,,,
60880_3_TOP_1,60880,3,TOP,1,,,,,,,,,,,,,,,,,1.82,2.04,71.94,13.07,Bray,0.0,0.12,0.039776404,,750.68,38.63,97.46,9.45,5.39,19.22,,,,,P below detection,,
60880_3_TOP_2,60880,3,TOP,2,,,,,,,,,,,,,,,,,2.56,1.28,83.2,14.03,Bray,0.2,,,,654.63,34.63,106.27,8.08,,,,,,,,,
60880_3_TOP_3,60880,3,TOP,3,,,,,,,,,,,,,,,,,3.32,2.79,74.07,12.82,Bray,0.0,,,,977.05,50.76,98.23,8.86,,,,,,,P below detection,,
60880_4_BTM_1,60880,4,BTM,1,,,,,,,,,,,,,,,,,0.25,0.06,21.07,1.06,Bray,0.01,1.31,,,444.78,32.58,8.63,0.94,5.06,21.54,,,,,,,
60880_4_BTM_2,60880,4,BTM,2,,,,,,,,,,,,,,,,,0.29,0.1,24.08,1.22,Bray,0.04,,,,577.56,23.88,8.08,0.29,,,,,,,,,
60880_4_BTM_3,60880,4,BTM,3,,,,,,,,,,,,,,,,,0.29,0.0,43.86,2.11,Bray,0.0,,,,520.11,18.85,11.45,0.34,,,,,NO3N below detection,,P below detection,,
60880_4_TOP_1,60880,4,TOP,1,,,,,,,,,,,,,,,,,2.49,0.0,61.97,9.44,Bray,0.41,1.13,,,833.73,45.06,27.24,2.13,6.28,27.71,,,NO3N below detection,,,,
60880_4_TOP_2,60880,4,TOP,2,,,,,,,,,,,,,,,,,1.57,0.0,51.88,11.59,Bray,0.39,,,,907.87,81.27,28.56,1.91,,,,,NO3N below detection,,,,
60880_4_TOP_3,60880,4,TOP,3,,,,,,,,,,,,,,,,,2.98,0.0,52.67,10.23,Bray,0.18,,,,1244.95,46.22,28.24,1.84,,,,,NO3N below detection,,,,
60881_1_BTM_1,60881,1,BTM,1,0.69,0.13,0.13,0.006,3,0.19,0.2,1.0,0.2,2,9.45,0.86,0.02,0.39,10.72,10.43,0.0,0.0,130.06,8.45,Olsen,0.0,1.18,0.068032693,,1459.67,13.65,181.78,1.21,7.52,6.35,,,"NO3N below detection, NH4N below detection",,P below detection,,
60881_1_BTM_2,60881,1,BTM,2,,,,,,,,,,,,,,,,,0.27,0.0,163.38,6.79,Olsen,0.0,,,,1156.05,15.59,145.41,1.35,,,,,NO3N below detection,,P below detection,,
60881_1_BTM_3,60881,1,BTM,3,,,,,,,,,,,,,,,,,1.24,0.0,163.5,7.77,Olsen,0.0,,,,1414.08,11.51,183.62,1.33,,,,,NO3N below detection,,P below detection,,
60881_1_TOP_1,60881,1,TOP,1,1.33,0.17,0.17,0.027,5,0.12,0.3,2.6,0.3,15,6.82,0.9,0.02,0.47,8.21,9.32,0.26,0.0,132.49,15.5,Bray,17.61,0.76,0.540955408,,183.13,25.64,23.44,2.91,6.42,3.27,,,NO3N below detection,,,,
60881_1_TOP_2,60881,1,TOP,2,,,,,,,,,,,,,,,,,0.0,0.0,428.97,16.53,Bray,17.6,,,,162.17,25.04,24.62,3.16,,,,,"NO3N below detection, NH4N below detection",,,,
60881_1_TOP_3,60881,1,TOP,3,,,,,,,,,,,,,,,,,0.88,0.0,81.22,13.49,Bray,18.57,,,,177.59,24.83,24.18,3.03,,,,,NO3N below detection,,,,
60881_2_BTM_1,60881,2,BTM,1,0.93,0.15,0.15,0.007,4,0.09,0.1,5.7,0.3,14,6.71,1.33,0.02,0.73,8.79,9.74,0.0,0.0,100.69,7.21,Bray,12.98,1.25,,Out_of_Range,34.68,9.78,3.9,0.77,6.85,11.6,,,"NO3N below detection, NH4N below detection",,,,
60881_2_BTM_2,60881,2,BTM,2,,,,,,,,,,,,,,,,,0.0,0.0,111.45,5.8,Bray,12.04,,,,34.19,9.25,5.18,0.68,,,,,"NO3N below detection, NH4N below detection",,,,
60881_2_BTM_3,60881,2,BTM,3,,,,,,,,,,,,,,,,,1.32,0.0,57.52,4.67,Bray,11.3,,,,13.78,8.08,4.54,0.92,,,,,NO3N below detection,,,,
60881_2_TOP_1,60881,2,TOP,1,2.44,0.28,0.28,0.022,3,0.12,1.0,5.4,0.5,30,7.46,1.43,0.03,0.79,9.71,13.09,0.27,0.0,181.39,19.39,Bray,15.84,0.98,0.014580321,,134.71,27.28,9.84,1.54,6.43,6.55,,,NO3N below detection,,,,
60881_2_TOP_2,60881,2,TOP,2,,,,,,,,,,,,,,,,,0.0,0.0,335.18,15.29,Bray,15.72,,,,171.93,31.86,21.92,3.56,,,,,"NO3N below detection, NH4N below detection",,,,
60881_2_TOP_3,60881,2,TOP,3,,,,,,,,,,,,,,,,,0.59,0.0,189.01,20.34,Bray,15.66,,,,142.99,27.64,18.09,3.14,,,,,NO3N below detection,,,,
60881_3_BTM_1,60881,3,BTM,1,0.79,0.17,0.17,0.012,3,0.17,0.2,4.0,0.3,5,10.38,3.78,0.16,0.8,15.12,17.5,0.0,1.55,129.65,7.22,Bray,0.0,1.27,,Out_of_Range,122.89,14.77,15.78,1.4,7.26,13.12,,,NH4N below detection,,P below detection,,
60881_3_BTM_2,60881,3,BTM,2,,,,,,,,,,,,,,,,,0.64,0.0,201.91,5.22,Bray,0.26,,,,120.24,14.31,17.13,1.5,,,,,NO3N below detection,,,,
60881_3_BTM_3,60881,3,BTM,3,,,,,,,,,,,,,,,,,0.99,0.14,222.43,5.85,Bray,0.0,,,,126.46,16.09,,,,,,,,,P below detection,,
60881_3_TOP_1,60881,3,TOP,1,1.64,0.21,0.21,0.021,3,0.13,0.3,5.0,0.5,21,7.42,1.61,0.05,1.21,10.29,12.43,0.26,0.0,134.03,16.89,Bray,34.26,1.04,0.030447853,,146.39,22.1,21.17,2.55,6.58,6.04,,,NO3N below detection,,,,
60881_3_TOP_2,60881,3,TOP,2,,,,,,,,,,,,,,,,,0.0,0.0,287.15,18.78,Bray,39.83,,,,165.51,24.92,19.24,2.59,,,,,"NO3N below detection, NH4N below detection",,,,
60881_3_TOP_3,60881,3,TOP,3,,,,,,,,,,,,,,,,,0.59,0.0,144.72,13.67,Bray,31.17,,,,136.29,23.04,,,,,,,NO3N below detection,,,,
60881_4_BTM_1,60881,4,BTM,1,0.93,0.16,0.16,0.009,8,0.36,0.2,2.6,0.3,3,13.59,4.32,0.04,0.94,18.89,20.64,0.0,0.0,77.26,6.68,Bray,0.68,1.05,,Out_of_Range,258.39,19.79,18.32,1.57,7.11,15.3,,,"NO3N below detection, NH4N below detection",,,,
60881_4_BTM_2,60881,4,BTM,2,,,,,,,,,,,,,,,,,4.97,0.0,169.6,3.53,Bray,0.9,,,,263.71,22.5,17.56,1.47,,,,,NO3N below detection,,,,
60881_4_BTM_3,60881,4,BTM,3,,,,,,,,,,,,,,,,,7.47,0.0,85.28,6.91,Bray,0.73,,,,200.08,16.41,17.89,1.57,,,,,NO3N below detection,,,,
60881_4_TOP_1,60881,4,TOP,1,2.15,0.27,0.27,0.023,9,0.16,0.4,8.3,0.5,22,8.47,2.15,0.03,1.02,11.67,12.96,0.0,0.0,141.45,17.78,Bray,16.75,0.82,0.016431244,,354.19,32.83,76.15,7.7,6.47,7.49,,,"NO3N below detection, NH4N below detection",,,,
60881_4_TOP_2,60881,4,TOP,2,,,,,,,,,,,,,,,,,0.0,0.0,266.97,39.62,Bray,17.96,,,,,,62.98,7.13,,,,,"NO3N below detection, NH4N below detection",,,,
60881_4_TOP_3,60881,4,TOP,3,,,,,,,,,,,,,,,,,0.6,0.0,197.33,19.95,Bray,15.79,,,,439.04,42.15,74.7,7.91,,,,,NO3N below detection,,,,
60881_5_BTM_1,60881,5,BTM,1,1.18,0.18,0.18,0.016,6,0.55,0.4,3.1,0.4,3,17.41,6.33,0.08,0.99,24.81,30.02,0.3,0.0,158.29,6.52,Bray,0.15,1.22,0.101308451,,337.81,20.3,25.28,1.38,7.25,18.34,,,NO3N below detection,,,,
60881_5_BTM_2,60881,5,BTM,2,,,,,,,,,,,,,,,,,0.0,0.0,140.91,6.08,Bray,0.45,,,,236.12,20.49,28.16,1.84,,,,,"NO3N below detection, NH4N below detection",,,,
60881_5_BTM_3,60881,5,BTM,3,,,,,,,,,,,,,,,,,1.42,0.0,326.55,6.22,Bray,0.0,,,,225.1,14.16,25.17,1.84,,,,,NO3N below detection,,P below detection,,
60881_5_TOP_1,60881,5,TOP,1,2.08,0.25,0.25,0.02,4,0.14,0.4,7.7,0.5,22,7.66,2.11,0.03,0.8,10.6,14.58,4.32,0.0,145.78,12.83,Bray,12.12,0.75,0.019712019,,386.95,33.75,28.13,2.25,6.7,9.41,,,NO3N below detection,,,,
60881_5_TOP_2,60881,5,TOP,2,,,,,,,,,,,,,,,,,0.0,0.0,85.59,11.99,Bray,11.53,,,,381.25,32.11,26.01,2.23,,,,,"NO3N below detection, NH4N below detection",,,,
60881_5_TOP_3,60881,5,TOP,3,,,,,,,,,,,,,,,,,1.62,0.0,251.74,12.46,Bray,12.76,,,,345.64,26.71,26.82,2.14,,,,,NO3N below detection,,,,
60881_6_BTM_1,60881,6,BTM,1,0.8,0.16,0.16,0.003,5,0.56,0.6,3.3,0.5,2,14.26,4.46,0.01,0.89,19.73,19.78,0.29,0.0,189.38,6.82,Bray,0.12,1.35,0.042426024,,269.0,18.22,19.88,1.19,7.14,13.39,,,NO3N below detection,,,,
60881_6_BTM_2,60881,6,BTM,2,,,,,,,,,,,,,,,,,41.71,6.46,170.63,7.3,Bray,5.65,,,,286.06,16.74,21.02,1.49,,,,,,,,,
60881_6_BTM_3,60881,6,BTM,3,,,,,,,,,,,,,,,,,53.32,6.86,212.84,7.07,Bray,0.0,,,,242.66,12.86,112.2,20.88,,,,,,,P below detection,,
60881_6_TOP_1,60881,6,TOP,1,1.78,0.24,0.24,0.021,9,0.18,0.4,14.5,0.5,24,7.65,2.02,0.01,0.97,10.68,13.68,0.27,0.0,157.59,32.32,Bray,13.13,0.83,0.014801925,,348.54,24.25,88.19,17.54,6.47,8.38,,,NO3N below detection,,,,
60881_6_TOP_2,60881,6,TOP,2,,,,,,,,,,,,,,,,,0.27,0.0,130.06,29.89,Bray,13.25,,,,304.24,18.3,110.05,20.26,,,,,NO3N below detection,,,,
60881_6_TOP_3,60881,6,TOP,3,,,,,,,,,,,,,,,,,1.94,0.0,238.57,31.34,Bray,11.78,,,,421.08,26.1,95.47,14.93,,,,,NO3N below detection,,,,
60886_1_BTM_1,60886,1,BTM,1,1.37,0.16,0.16,0.021,2,0.08,0.2,2.2,0.9,26,12.28,2.61,0.21,0.19,15.29,14.08,0.0,0.0,10.07,2.6,Bray,5.87,1.44,,,300.47,18.65,13.65,1.17,6.88,15.19,,,"NO3N below detection, NH4N below detection",,,,
60886_1_BTM_2,60886,1,BTM,2,,,,,,,,,,,,,,,,,0.0,0.0,,,Bray,5.66,,,,415.53,32.91,15.43,1.23,,,,,"NO3N below detection, NH4N below detection",,,,
60886_1_BTM_3,60886,1,BTM,3,,,,,,,,,,,,,,,,,1.38,0.0,8.74,1.85,Bray,6.03,,,,654.55,53.52,14.38,0.97,,,,,NO3N below detection,,,,
60886_1_TOP_1,60886,1,TOP,1,2.3,0.21,0.21,0.036,4,0.18,1.0,6.7,0.7,33,12.6,2.23,0.14,0.28,15.25,12.38,0.0,2.2,51.42,11.13,Bray,0.0,0.99,,,588.99,42.09,35.15,7.12,6.06,10.95,,,NH4N below detection,,P below detection,,
60886_1_TOP_2,60886,1,TOP,2,,,,,,,,,,,,,,,,,0.0,3.89,57.25,12.4,Bray,0.0,,,,723.75,58.93,36.08,7.08,,,,,NH4N below detection,,P below detection,,
60886_1_TOP_3,60886,1,TOP,3,,,,,,,,,,,,,,,,,2.68,3.92,76.84,16.13,Bray,0.0,,,,330.04,19.05,34.54,6.69,,,,,,,P below detection,,
60886_2_BTM_1,60886,2,BTM,1,1.48,0.14,0.14,0.029,1,0.03,0.3,6.6,0.7,25,11.89,2.2,0.18,0.18,14.45,12.19,0.0,0.0,6.22,1.72,Bray,11.44,0.95,,,443.61,30.73,11.72,1.22,6.87,11.79,,,"NO3N below detection, NH4N below detection",,,,
60886_2_BTM_2,60886,2,BTM,2,,,,,,,,,,,,,,,,,0.0,1.88,8.65,1.8,Bray,10.59,,,,437.69,32.67,13.66,1.09,,,,,NH4N below detection,,,,
60886_2_BTM_3,60886,2,BTM,3,,,,,,,,,,,,,,,,,2.0,1.52,9.55,1.62,Bray,10.25,,,,492.87,28.67,11.63,1.1,,,,,,,,,
60886_2_TOP_1,60886,2,TOP,1,2.14,0.2,0.2,0.036,3,0.09,0.7,5.8,0.7,37,12.57,2.02,0.12,0.23,14.94,14.73,0.0,1.18,69.47,14.67,Bray,0.0,1.1,,,726.27,57.5,33.57,8.3,6.55,11.79,,,NH4N below detection,,P below detection,,
60886_2_TOP_2,60886,2,TOP,2,,,,,,,,,,,,,,,,,0.0,0.0,68.73,15.0,Bray,0.15,,,,646.32,53.4,36.38,8.73,,,,,"NO3N below detection, NH4N below detection",,,,
60886_2_TOP_3,60886,2,TOP,3,,,,,,,,,,,,,,,,,1.32,0.0,75.63,16.66,Bray,0.13,,,,571.96,45.29,37.78,7.92,,,,,NO3N below detection,,,,
60886_3_BTM_1,60886,3,BTM,1,1.3,0.14,0.14,0.017,4,0.05,0.1,0.4,1.1,35,14.4,3.86,0.36,0.26,18.88,19.33,0.0,0.0,13.23,3.42,Bray,0.0,1.2,,,795.05,68.62,33.31,1.64,6.77,17.94,,,"NO3N below detection, NH4N below detection",,P below detection,,
60886_3_BTM_2,60886,3,BTM,2,,,,,,,,,,,,,,,,,1.42,0.0,12.84,2.01,Bray,0.33,,,,921.29,79.31,34.1,1.59,,,,,NO3N below detection,,,,
60886_3_BTM_3,60886,3,BTM,3,,,,,,,,,,,,,,,,,3.27,0.0,14.4,1.99,Bray,0.38,,,,681.26,67.35,32.34,1.28,,,,,NO3N below detection,,,,
60886_3_TOP_1,60886,3,TOP,1,2.26,0.23,0.23,0.027,3,0.1,1.3,9.8,0.8,52,11.58,2.35,0.15,0.29,14.37,13.24,0.0,3.32,29.29,6.22,Bray,0.33,1.08,,,762.1,69.01,35.17,7.6,6.56,13.38,,,NH4N below detection,,,,
60886_3_TOP_2,60886,3,TOP,2,,,,,,,,,,,,,,,,,0.64,1.2,28.88,5.42,Bray,0.21,,,,608.44,49.7,33.15,7.39,,,,,,,,,
60886_3_TOP_3,60886,3,TOP,3,,,,,,,,,,,,,,,,,2.76,1.91,28.58,5.73,Bray,0.1,,,,757.65,75.08,30.49,7.27,,,,,,,,,
60886_4_BTM_1,60886,4,BTM,1,1.53,0.15,0.15,0.02,3,0.08,0.1,1.1,1.0,42,12.0,2.79,0.19,0.23,15.21,15.67,5.39,0.88,11.59,1.79,Bray,0.2,1.27,,,496.38,34.16,13.92,0.95,6.86,16.03,,,,,,,
60886_4_BTM_2,60886,4,BTM,2,,,,,,,,,,,,,,,,,0.0,0.0,11.76,1.67,Bray,0.97,,,,361.98,19.73,23.05,0.84,,,,,"NO3N below detection, NH4N below detection",,,,
60886_4_BTM_3,60886,4,BTM,3,,,,,,,,,,,,,,,,,1.75,0.15,11.2,1.94,Bray,0.63,,,,389.26,19.98,13.43,0.78,,,,,,,,,
60886_4_TOP_1,60886,4,TOP,1,2.43,0.22,0.22,0.035,4,0.13,1.2,11.2,0.8,55,10.76,2.08,0.11,0.29,13.24,13.81,0.0,0.0,44.86,8.89,Bray,0.0,1.05,,,728.5,73.19,46.41,10.23,6.46,10.25,,,"NO3N below detection, NH4N below detection",,P below detection,,
60886_4_TOP_2,60886,4,TOP,2,,,,,,,,,,,,,,,,,1.64,0.0,80.66,17.05,Bray,0.0,,,,683.35,64.73,46.09,9.98,,,,,NO3N below detection,,P below detection,,
60886_4_TOP_3,60886,4,TOP,3,,,,,,,,,,,,,,,,,2.67,0.0,46.59,8.72,Bray,0.0,,,,750.1,74.45,43.9,11.15,,,,,NO3N below detection,,P below detection,,
60886_5_BTM_1,60886,5,BTM,1,1.33,0.14,0.14,0.017,2,0.01,0.1,0.4,0.9,26,13.68,2.96,0.34,0.25,17.23,17.49,0.65,0.0,9.53,1.33,Bray,3.99,1.25,,,418.38,20.17,47.96,3.13,7.04,14.47,,,NO3N below detection,,,,
60886_5_BTM_2,60886,5,BTM,2,,,,,,,,,,,,,,,,,0.0,0.0,10.87,2.29,Bray,4.84,,,,443.68,26.49,17.01,1.2,,,,,"NO3N below detection, NH4N below detection",,,,
60886_5_BTM_3,60886,5,BTM,3,,,,,,,,,,,,,,,,,1.01,0.0,10.9,1.93,Bray,3.47,,,,356.16,23.47,9.29,0.42,,,,,NO3N below detection,,,,
60886_5_TOP_1,60886,5,TOP,1,2.11,0.21,0.21,0.034,4,0.16,1.0,8.0,0.8,39,12.41,1.96,0.15,0.27,14.79,15.29,0.96,1.17,18.32,3.94,Bray,0.0,1.07,,,561.48,45.47,27.85,5.99,6.42,10.6,,,,,P below detection,,
60886_5_TOP_2,60886,5,TOP,2,,,,,,,,,,,,,,,,,1.31,0.0,65.55,11.9,Bray,0.05,,,,576.09,45.67,33.97,5.49,,,,,NO3N below detection,,,,
60886_5_TOP_3,60886,5,TOP,3,,,,,,,,,,,,,,,,,3.7,0.0,13.85,3.75,Bray,0.0,,,,571.01,41.78,31.77,6.34,,,,,NO3N below detection,,P below detection,,
60886_6_BTM_1,60886,6,BTM,1,1.37,0.13,0.13,0.024,2,0.05,0.1,3.9,0.9,24,14.23,3.25,0.32,0.19,17.99,21.37,0.0,0.0,17.57,5.34,Bray,0.0,1.3,,,,,16.18,1.98,5.99,19.84,,,"NO3N below detection, NH4N below detection",,P below detection,,
60886_6_BTM_2,60886,6,BTM,2,,,,,,,,,,,,,,,,,0.31,1.29,20.05,5.84,Bray,0.48,,,,,,15.87,1.75,,,,,,,,,
60886_6_BTM_3,60886,6,BTM,3,,,,,,,,,,,,,,,,,2.94,0.0,13.14,2.2,Bray,0.22,,,,,,13.52,1.71,,,,,NO3N below detection,,,,
60886_6_TOP_1,60886,6,TOP,1,2.62,0.21,0.21,0.025,4,0.12,1.0,9.9,0.9,52,10.97,1.95,0.11,0.35,13.38,14.34,0.75,0.0,63.98,14.74,Bray,0.82,1.02,,,335.27,33.22,27.2,5.88,5.74,28.09,,,NO3N below detection,,,,
60886_6_TOP_2,60886,6,TOP,2,,,,,,,,,,,,,,,,,0.75,8.41,70.74,14.26,Bray,1.08,,,,310.18,34.1,25.42,5.78,,,,,,,,,
60886_6_TOP_3,60886,6,TOP,3,,,,,,,,,,,,,,,,,3.63,5.52,57.25,13.05,Bray,1.24,,,,306.6,28.01,27.34,6.15,,,,,,,,,
60920_10_TOP_1,60920,10,TOP,1,,,,,,,,,,,,,,,,,0.0,0.0,335.2,62.52,Bray,10.39,,,,,,,,6.31,95.04,,,"NO3N below detection, NH4N below detection",,,,
60920_10_TOP_2,60920,10,TOP,2,,,,,,,,,,,,,,,,,6.7,0.0,560.51,109.53,Bray,23.17,,,,,,,,,,,,NO3N below detection,,,,
60920_10_TOP_3,60920,10,TOP,3,,,,,,,,,,,,,,,,,15.56,0.0,540.72,111.22,Bray,6.97,,,,,,,,,,,,NO3N below detection,,,,
60920_11_TOP_1,60920,11,TOP,1,,,,,,,,,,,,,,,,,290.97,74.19,627.28,182.71,Bray,0.0,,,,,,,,5.03,174.48,,,,,P below detection,,
60920_11_TOP_2,60920,11,TOP,2,,,,,,,,,,,,,,,,,0.0,0.0,490.24,140.86,Bray,0.0,,,,,,,,,,,,"NO3N below detection, NH4N below detection",,P below detection,,
60920_11_TOP_3,60920,11,TOP,3,,,,,,,,,,,,,,,,,2.81,0.0,676.36,195.29,Bray,0.0,,,,,,,,,,,,NO3N below detection,,P below detection,,
60920_1_BTM_1,60920,1,BTM,1,6.82,0.27,0.27,0.042,6,1.25,1.2,2.1,3.9,905,0.81,0.31,0.1,0.11,1.33,14.5,0.0,0.68,74.13,11.3,Bray,0.0,,,,,,,,5.81,45.4,,,NH4N below detection,,P below detection,,
60920_1_BTM_2,60920,1,BTM,2,,,,,,,,,,,,,,,,,0.87,0.0,92.81,13.07,Bray,0.0,,,,,,,,,,,,NO3N below detection,,P below detection,,
60920_1_BTM_3,60920,1,BTM,3,,,,,,,,,,,,,,,,,13.37,0.0,62.16,12.54,Bray,0.0,,,,,,,,,,,,NO3N below detection,,P below detection,,
60920_1_TOP_1,60920,1,TOP,1,,,,,,,,,,,,,,,,,7.23,14.03,800.04,105.04,Bray,0.0,,,,,,,,4.89,398.59,,,,,P below detection,,
60920_1_TOP_2,60920,1,TOP,2,,,,,,,,,,,,,,,,,1.55,2.67,706.15,97.05,Bray,0.0,,,,,,,,,,,,,,P below detection,,
60920_1_TOP_3,60920,1,TOP,3,,,,,,,,,,,,,,,,,11.0,2.66,768.41,107.48,Bray,0.0,,,,,,,,,,,,,,P below detection,,
60920_2_BTM_1,60920,2,BTM,1,6.53,0.26,0.26,0.031,4,1.05,1.7,2.1,3.8,747,0.86,0.37,0.11,0.1,1.44,12.55,0.0,0.0,68.83,10.02,Bray,0.0,,,,,,,,5.26,35.28,,,"NO3N below detection, NH4N below detection",,P below detection,,
60920_2_BTM_2,60920,2,BTM,2,,,,,,,,,,,,,,,,,2.12,0.0,83.62,10.91,Bray,0.0,,,,,,,,,,,,NO3N below detection,,P below detection,,
60920_2_BTM_3,60920,2,BTM,3,,,,,,,,,,,,,,,,,4.32,0.0,74.95,9.42,Bray,0.0,,,,,,,,,,,,NO3N below detection,,P below detection,,
60920_2_TOP_1,60920,2,TOP,1,,,,,,,,,,,,,,,,,0.0,0.36,343.36,53.96,Bray,0.0,,,,,,,,4.9,147.91,,,NH4N below detection,,P below detection,,
60920_2_TOP_2,60920,2,TOP,2,,,,,,,,,,,,,,,,,21.25,0.0,451.37,65.36,Bray,0.0,,,,,,,,,,,,NO3N below detection,,P below detection,,
60920_2_TOP_3,60920,2,TOP,3,,,,,,,,,,,,,,,,,12.33,0.0,400.47,58.85,Bray,0.0,,,,,,,,,,,,NO3N below detection,,P below detection,,
60920_3_BTM_1,60920,3,BTM,1,10.64,0.74,0.74,0.107,6,0.48,0.2,4.1,5.9,356,0.78,0.28,0.1,0.08,1.24,24.6,0.44,0.0,74.91,12.32,Bray,0.0,,,,,,,,5.2,60.58,,,NO3N below detection,,P below detection,,
60920_3_BTM_2,60920,3,BTM,2,,,,,,,,,,,,,,,,,3.15,0.0,80.99,14.76,Bray,1.41,,,,,,,,,,,,NO3N below detection,,,,
60920_3_BTM_3,60920,3,BTM,3,,,,,,,,,,,,,,,,,5.86,0.0,80.17,13.04,Bray,0.0,,,,,,,,,,,,NO3N below detection,,P below detection,,
60920_3_TOP_1,60920,3,TOP,1,,,,,,,,,,,,,,,,,45.17,0.0,890.26,145.62,Bray,0.0,,,,,,,,4.81,596.31,,,NO3N below detection,,P below detection,,
60920_3_TOP_2,60920,3,TOP,2,,,,,,,,,,,,,,,,,4.87,0.0,1357.04,219.61,Bray,0.0,,,,,,,,,,,,NO3N below detection,,P below detection,,
60920_3_TOP_3,60920,3,TOP,3,,,,,,,,,,,,,,,,,21.0,0.0,954.73,141.35,Bray,0.0,,,,,,,,,,,,NO3N below detection,,P below detection,,
60920_4_BTM_1,60920,4,BTM,1,10.85,0.51,0.51,0.073,3,0.41,0.2,6.4,5.7,337,0.76,0.31,0.11,0.06,1.24,14.8,2.06,0.0,53.39,12.02,Bray,0.0,,,,,,,,5.71,32.06,,,NO3N below detection,,P below detection,,
60920_4_BTM_2,60920,4,BTM,2,,,,,,,,,,,,,,,,,3.35,0.0,167.84,10.47,Bray,0.74,,,,,,,,,,,,NO3N below detection,,,,
60920_4_BTM_3,60920,4,BTM,3,,,,,,,,,,,,,,,,,4.2,0.0,49.71,8.96,Bray,0.0,,,,,,,,,,,,NO3N below detection,,P below detection,,
60920_4_TOP_1,60920,4,TOP,1,,,,,,,,,,,,,,,,,0.0,0.0,836.76,140.36,Bray,1.19,,,,,,,,4.83,413.47,,,"NO3N below detection, NH4N below detection",,,,
60920_4_TOP_2,60920,4,TOP,2,,,,,,,,,,,,,,,,,21.12,0.0,741.13,119.66,Bray,1.79,,,,,,,,,,,,NO3N below detection,,,,
60920_4_TOP_3,60920,4,TOP,3,,,,,,,,,,,,,,,,,42.6,0.0,817.94,133.79,Bray,0.0,,,,,,,,,,,,NO3N below detection,,P below detection,,
60920_5_BTM_1,60920,5,BTM,1,,,,,,,,,,,,,,,,,5.0,0.0,265.35,47.29,Bray,0.0,,,,,,,,5.54,184.62,,,NO3N below detection,,P below detection,,
60920_5_BTM_2,60920,5,BTM,2,,,,,,,,,,,,,,,,,1.89,0.0,283.26,47.62,Bray,0.0,,,,,,,,,,,,NO3N below detection,,P below detection,,
60920_5_BTM_3,60920,5,BTM,3,,,,,,,,,,,,,,,,,13.3,0.0,286.5,28.97,Bray,0.0,,,,,,,,,,,,NO3N below detection,,P below detection,,
60920_5_TOP_1,60920,5,TOP,1,,,,,,,,,,,,,,,,,5.47,0.0,351.51,41.17,Bray,0.0,,,,,,,,5.67,100.1,,,NO3N below detection,,P below detection,,
60920_5_TOP_2,60920,5,TOP,2,,,,,,,,,,,,,,,,,2.67,0.0,246.48,47.01,Bray,0.0,,,,,,,,,,,,NO3N below detection,,P below detection,,
60920_5_TOP_3,60920,5,TOP,3,,,,,,,,,,,,,,,,,7.58,0.0,243.19,50.59,Bray,0.0,,,,,,,,,,,,NO3N below detection,,P below detection,,
60920_6_BTM_1,60920,6,BTM,1,,,,,,,,,,,,,,,,,0.0,0.0,422.75,48.7,Bray,0.0,,,,,,,,7.3,157.09,,,"NO3N below detection, NH4N below detection",,P below detection,,
60920_6_BTM_2,60920,6,BTM,2,,,,,,,,,,,,,,,,,4.47,0.0,952.51,80.91,Bray,0.0,,,,,,,,,,,,NO3N below detection,,P below detection,,
60920_6_BTM_3,60920,6,BTM,3,,,,,,,,,,,,,,,,,10.05,0.0,624.44,77.86,Bray,0.0,,,,,,,,,,,,NO3N below detection,,P below detection,,
60920_6_TOP_1,60920,6,TOP,1,,,,,,,,,,,,,,,,,4.17,0.0,1167.62,156.78,Bray,0.0,,,,,,,,6.8,295.37,,,NO3N below detection,,P below detection,,
60920_6_TOP_2,60920,6,TOP,2,,,,,,,,,,,,,,,,,4.17,0.0,1227.75,167.05,Bray,0.33,,,,,,,,,,,,NO3N below detection,,,,
60920_6_TOP_3,60920,6,TOP,3,,,,,,,,,,,,,,,,,10.1,0.0,1244.48,173.67,Bray,0.0,,,,,,,,,,,,NO3N below detection,,P below detection,,
60920_7_TOP_1,60920,7,TOP,1,,,,,,,,,,,,,,,,,0.0,0.0,109.91,8.63,Bray,0.0,,,,,,,,7.1,83.12,,,"NO3N below detection, NH4N below detection",,P below detection,,
60920_7_TOP_2,60920,7,TOP,2,,,,,,,,,,,,,,,,,1.78,0.0,115.56,11.33,Bray,0.0,,,,,,,,,,,,NO3N below detection,,P below detection,,
60920_7_TOP_3,60920,7,TOP,3,,,,,,,,,,,,,,,,,4.94,0.0,70.64,9.01,Bray,0.0,,,,,,,,,,,,NO3N below detection,,P below detection,,
60920_8_BTM_1,60920,8,BTM,1,,,,,,,,,,,,,,,,,0.0,0.0,61.76,8.74,Bray,2.66,,,,,,,,5.52,22.77,,,"NO3N below detection, NH4N below detection",,,,
60920_8_BTM_2,60920,8,BTM,2,,,,,,,,,,,,,,,,,0.0,0.0,64.57,9.3,Bray,2.5,,,,,,,,,,,,"NO3N below detection, NH4N below detection",,,,
60920_8_BTM_3,60920,8,BTM,3,,,,,,,,,,,,,,,,,1.49,0.0,52.57,7.83,Bray,0.15,,,,,,,,,,,,NO3N below detection,,,,
60920_8_TOP_1,60920,8,TOP,1,,,,,,,,,,,,,,,,,0.78,0.0,142.02,10.03,Bray,1.12,,,,,,,,5.28,33.05,,,NO3N below detection,,,,
60920_8_TOP_2,60920,8,TOP,2,,,,,,,,,,,,,,,,,0.0,0.0,135.0,16.11,Bray,1.76,,,,,,,,,,,,"NO3N below detection, NH4N below detection",,,,
60920_8_TOP_3,60920,8,TOP,3,,,,,,,,,,,,,,,,,1.22,0.0,164.9,20.56,Bray,1.1,,,,,,,,,,,,NO3N below detection,,,,
60920_9_BTM_1,60920,9,BTM,1,,,,,,,,,,,,,,,,,0.0,0.0,66.49,10.94,Bray,0.0,,,,,,,,5.85,27.3,,,"NO3N below detection, NH4N below detection",,P below detection,,
60920_9_BTM_2,60920,9,BTM,2,,,,,,,,,,,,,,,,,0.33,0.0,59.32,10.15,Bray,0.13,,,,,,,,,,,,NO3N below detection,,,,
60920_9_BTM_3,60920,9,BTM,3,,,,,,,,,,,,,,,,,2.79,0.0,61.71,11.06,Bray,0.0,,,,,,,,,,,,NO3N below detection,,P below detection,,
60920_9_TOP_1,60920,9,TOP,1,,,,,,,,,,,,,,,,,0.0,0.0,22.51,4.81,Bray,0.0,,,,,,,,5.68,25.98,,,"NO3N below detection, NH4N below detection",,P below detection,,
60920_9_TOP_2,60920,9,TOP,2,,,,,,,,,,,,,,,,,0.33,0.0,52.47,8.42,Bray,0.92,,,,,,,,,,,,NO3N below detection,,,,
60920_9_TOP_3,60920,9,TOP,3,,,,,,,,,,,,,,,,,1.93,0.0,99.75,15.1,Bray,0.32,,,,,,,,,,,,NO3N below detection,,,,
60921_1_BTM_1,60921,1,BTM,1,3.16,0.18,0.18,0.007,4,0.08,0.1,18.4,0.2,26,1.37,0.35,0.05,0.22,1.99,25.17,0.0,4.38,328.13,20.01,Bray,0.61,0.75,0.014023798,,204.52,8.93,19.62,0.94,5.79,20.95,,,NH4N below detection,,,,
60921_1_BTM_2,60921,1,BTM,2,,,,,,,,,,,,,,,,,14.54,23.22,681.04,22.82,Bray,1.59,,,,232.63,11.0,33.49,2.12,,,,,,,,,
60921_1_BTM_3,60921,1,BTM,3,,,,,,,,,,,,,,,,,0.7,0.0,330.35,19.32,Bray,0.15,,,,191.07,8.46,28.85,1.08,,,,,NO3N below detection,,,,
60921_1_TOP_1,60921,1,TOP,1,4.12,0.22,0.22,0.005,3,0.02,0.1,16.0,0.2,21,3.57,1.3,0.04,0.61,5.52,30.23,0.0,0.0,380.97,22.77,Bray,5.88,0.32,0.016163022,,202.28,10.42,25.36,1.24,6.23,27.85,,,"NO3N below detection, NH4N below detection",,,,
60921_1_TOP_2,60921,1,TOP,2,,,,,,,,,,,,,,,,,1.57,16.6,231.21,21.81,Bray,7.54,,,,205.71,9.55,27.9,0.75,,,,,,,,,
60921_1_TOP_3,60921,1,TOP,3,,,,,,,,,,,,,,,,,1.57,7.16,484.16,23.12,Bray,5.07,,,,168.12,8.14,28.27,1.06,,,,,,,,,
60921_2_BTM_1,60921,2,BTM,1,2.2,0.17,0.17,0.009,2,0.08,0.2,4.9,0.2,24,2.14,0.34,0.03,0.52,3.03,29.13,1.88,0.0,142.76,20.07,Bray,12.81,0.74,0.819379157,,2792.03,75.76,11.48,0.29,6.12,22.81,,,NO3N below detection,,,,
60921_2_BTM_2,60921,2,BTM,2,,,,,,,,,,,,,,,,,0.0,0.0,134.54,20.03,Bray,10.52,,,,1982.16,67.96,14.63,0.69,,,,,"NO3N below detection, NH4N below detection",,,,
60921_2_BTM_3,60921,2,BTM,3,,,,,,,,,,,,,,,,,0.71,0.0,119.83,18.09,Bray,11.31,,,,2599.56,68.9,10.09,0.46,,,,,NO3N below detection,,,,
60921_2_TOP_1,60921,2,TOP,1,5.82,0.25,0.25,0.024,5,0.01,0.8,22.2,0.4,46,7.21,0.95,0.05,0.8,9.01,40.76,64.26,7.13,558.08,51.97,Bray,39.57,0.3,0.029872704,,2384.48,85.09,44.34,1.76,5.92,41.0,,,,,,,
60921_2_TOP_2,60921,2,TOP,2,,,,,,,,,,,,,,,,,0.38,0.0,496.71,49.03,Bray,41.76,,,,3388.88,111.79,39.12,1.96,,,,,NO3N below detection,,,,
60921_2_TOP_3,60921,2,TOP,3,,,,,,,,,,,,,,,,,1.77,0.0,346.72,48.47,Bray,42.08,,,,3454.21,120.26,40.17,1.71,,,,,NO3N below detection,,,,
60921_3_BTM_1,60921,3,BTM,1,,,,,,,,,,,,,,,,,0.0,0.0,1279.8,80.73,Bray,10.47,0.16,,,1109.18,91.74,888.71,19.95,4.92,130.53,,,"NO3N below detection, NH4N below detection",,,,
60921_3_BTM_2,60921,3,BTM,2,,,,,,,,,,,,,,,,,0.27,0.0,1460.15,87.87,Bray,12.98,,,,1940.17,72.65,855.33,20.53,,,,,NO3N below detection,,,,
60921_3_BTM_3,60921,3,BTM,3,,,,,,,,,,,,,,,,,0.07,0.0,1579.81,92.21,Bray,13.12,,,,2146.7,74.77,697.67,15.1,,,,,NO3N below detection,,,,
60921_3_TOP_1,60921,3,TOP,1,,,,,,,,,,,,,,,,,0.3,0.0,272.75,30.33,Bray,24.78,0.12,,,1186.47,73.87,82.97,2.31,5.57,69.75,,,NO3N below detection,,,,
60921_3_TOP_2,60921,3,TOP,2,,,,,,,,,,,,,,,,,0.17,0.28,151.31,15.61,Bray,41.95,,,,1034.71,60.46,92.23,2.11,,,,,,,,,
60921_3_TOP_3,60921,3,TOP,3,,,,,,,,,,,,,,,,,0.05,0.0,327.53,31.32,Bray,33.9,,,,1227.98,50.77,79.02,1.92,,,,,NO3N below detection,,,,
60921_4_BTM_1,60921,4,BTM,1,,,,,,,,,,,,,,,,,0.18,0.0,102.76,12.29,Bray,1.23,0.69,,,989.28,80.96,7.8,0.37,6.16,35.72,,,NO3N below detection,,,,
60921_4_BTM_2,60921,4,BTM,2,,,,,,,,,,,,,,,,,0.0,0.18,30.56,2.24,Bray,0.43,,,,942.07,48.1,10.04,0.0,,,,,NH4N below detection,,,,TN below detection
60921_4_BTM_3,60921,4,BTM,3,,,,,,,,,,,,,,,,,0.02,0.0,48.56,4.54,Bray,1.34,,,,1625.91,29.41,3.38,0.0,,,,,NO3N below detection,,,,TN below detection
60921_4_TOP_1,60921,4,TOP,1,,,,,,,,,,,,,,,,,0.11,0.0,281.08,28.45,Bray,11.39,0.25,,,1393.1,76.27,35.66,1.31,5.97,54.79,,,NO3N below detection,,,,
60921_4_TOP_2,60921,4,TOP,2,,,,,,,,,,,,,,,,,0.26,0.38,129.29,13.58,Bray,8.51,,,,1442.27,87.15,38.67,1.52,,,,,,,,,
60921_4_TOP_3,60921,4,TOP,3,,,,,,,,,,,,,,,,,0.11,0.0,107.07,9.18,Bray,8.83,,,,1829.83,70.7,35.58,1.06,,,,,NO3N below detection,,,,
60923_10_BTM_1,60923,10,BTM,1,1.07,0.17,0.17,0.003,20,0.46,1.7,31.5,1.3,17,12.47,2.57,0.13,0.12,15.29,24.01,0.32,0.0,20.38,2.59,Bray,4.37,1.35,,,143.56,20.2,31.61,2.31,6.7,22.92,,,NO3N below detection,,,,
60923_10_BTM_2,60923,10,BTM,2,,,,,,,,,,,,,,,,,0.0,0.0,7.67,0.93,Bray,4.0,,,,205.57,17.97,37.86,2.12,,,,,"NO3N below detection, NH4N below detection",,,,
60923_10_BTM_3,60923,10,BTM,3,,,,,,,,,,,,,,,,,1.49,0.0,1.17,0.0,Bray,3.85,,,,172.64,14.1,48.02,2.21,,,,,NO3N below detection,TN below detection,,,
60923_10_TOP_1,60923,10,TOP,1,1.48,0.22,0.22,0.003,5,0.11,0.3,1.7,0.4,14,11.17,1.75,0.03,0.3,13.25,17.4,0.0,0.0,33.38,8.02,Bray,0.09,1.16,,,251.66,38.0,24.84,2.76,6.56,19.65,,,"NO3N below detection, NH4N below detection",,,,
60923_10_TOP_2,60923,10,TOP,2,,,,,,,,,,,,,,,,,1.06,0.0,19.74,4.34,Bray,0.38,,,,197.74,22.58,26.46,2.93,,,,,NO3N below detection,,,,
60923_10_TOP_3,60923,10,TOP,3,,,,,,,,,,,,,,,,,2.93,0.15,60.61,9.91,Bray,0.0,,,,260.05,25.43,17.44,1.56,,,,,,,P below detection,,
60923_11_BTM_1,60923,11,BTM,1,0.96,0.17,0.17,0.004,6,0.14,0.5,2.0,0.7,39,16.44,3.86,0.26,0.19,20.75,38.88,0.34,0.0,16.5,2.47,Bray,2.48,0.97,,,207.5,27.73,37.5,2.61,6.87,29.42,,,NO3N below detection,,,,
60923_11_BTM_2,60923,11,BTM,2,,,,,,,,,,,,,,,,,0.34,0.0,8.01,1.23,Bray,2.74,,,,149.12,11.65,38.53,2.67,,,,,NO3N below detection,,,,
60923_11_BTM_3,60923,11,BTM,3,,,,,,,,,,,,,,,,,0.34,0.0,4.81,0.78,Bray,2.96,,,,181.88,13.68,,,,,,,NO3N below detection,,,,
60923_11_TOP_1,60923,11,TOP,1,1.44,0.2,0.2,0.005,34,2.42,2.0,15.8,0.7,5,10.2,2.03,0.03,0.35,12.61,18.3,0.0,0.0,6.62,2.74,Bray,0.0,1.17,,,284.09,34.55,30.53,3.9,6.59,23.14,,,"NO3N below detection, NH4N below detection",,P below detection,,
60923_11_TOP_2,60923,11,TOP,2,,,,,,,,,,,,,,,,,0.0,0.0,13.75,3.05,Bray,0.0,,,,194.25,21.88,32.04,3.45,,,,,"NO3N below detection, NH4N below detection",,P below detection,,
60923_11_TOP_3,60923,11,TOP,3,,,,,,,,,,,,,,,,,1.89,0.0,6.73,3.21,Bray,0.0,,,,202.11,20.34,30.85,3.38,,,,,NO3N below detection,,P below detection,,
60923_12_BTM_1,60923,12,BTM,1,1.03,0.15,0.15,0.005,4,0.1,0.4,2.1,0.4,30,15.49,3.81,0.34,0.14,19.78,44.01,0.0,0.0,3.01,0.0,Bray,7.76,1.1,,,291.22,24.66,52.91,3.02,6.8,30.04,,,"NO3N below detection, NH4N below detection",TN below detection,,,
60923_12_BTM_2,60923,12,BTM,2,,,,,,,,,,,,,,,,,0.34,0.0,9.39,0.0,Bray,7.34,,,,312.17,18.13,52.34,2.37,,,,,NO3N below detection,TN below detection,,,
60923_12_BTM_3,60923,12,BTM,3,,,,,,,,,,,,,,,,,2.44,0.0,6.11,0.0,Bray,6.42,,,,213.73,15.64,55.51,2.19,,,,,NO3N below detection,TN below detection,,,
60923_12_TOP_1,60923,12,TOP,1,1.61,0.21,0.21,0.007,5,0.07,0.3,1.3,0.5,21,11.73,2.35,0.04,0.31,14.43,25.71,0.0,0.0,20.4,3.72,Bray,0.0,1.12,,,352.82,35.44,49.72,2.88,6.64,20.16,,,"NO3N below detection, NH4N below detection",,P below detection,,
60923_12_TOP_2,60923,12,TOP,2,,,,,,,,,,,,,,,,,2.21,0.0,14.97,3.67,Bray,0.7,,,,313.1,30.95,34.74,3.65,,,,,NO3N below detection,,,,
60923_12_TOP_3,60923,12,TOP,3,,,,,,,,,,,,,,,,,3.73,0.16,18.19,4.5,Bray,0.0,,,,,,27.09,3.45,,,,,,,P below detection,,
60923_13_BTM_1,60923,13,BTM,1,1.07,0.16,0.16,0.004,4,0.13,0.5,2.6,0.5,18,13.51,3.5,0.39,0.12,17.52,45.8,1.18,0.0,18.59,2.66,Bray,8.42,1.27,,,312.37,22.22,44.24,2.72,6.61,30.97,,,NO3N below detection,,,,
60923_13_BTM_2,60923,13,BTM,2,,,,,,,,,,,,,,,,,0.0,0.0,27.68,3.32,Bray,9.87,,,,300.56,21.07,46.48,2.5,,,,,"NO3N below detection, NH4N below detection",,,,
60923_13_BTM_3,60923,13,BTM,3,,,,,,,,,,,,,,,,,2.45,0.0,28.54,2.9,Bray,9.41,,,,338.45,19.36,47.25,2.52,,,,,NO3N below detection,,,,
60923_13_TOP_1,60923,13,TOP,1,1.43,0.18,0.18,0.003,8,0.05,0.3,1.7,0.5,14,10.4,2.04,0.05,0.21,12.7,20.48,0.0,0.0,29.53,8.0,Bray,0.0,1.18,,,256.22,33.62,33.43,3.68,6.62,24.52,,,"NO3N below detection, NH4N below detection",,P below detection,,
60923_13_TOP_2,60923,13,TOP,2,,,,,,,,,,,,,,,,,0.0,0.0,28.12,5.91,Bray,0.0,,,,291.11,27.77,26.82,3.52,,,,,"NO3N below detection, NH4N below detection",,P below detection,,
60923_13_TOP_3,60923,13,TOP,3,,,,,,,,,,,,,,,,,1.52,0.56,102.35,19.7,Bray,0.0,,,,246.2,25.12,30.53,3.35,,,,,,,P below detection,,
60923_14_BTM_1,60923,14,BTM,1,1.01,0.16,0.16,0.006,7,0.06,0.3,1.7,0.5,11,16.18,4.39,0.35,0.19,21.11,33.9,0.0,0.0,18.99,0.95,Bray,8.69,0.91,,,341.73,25.96,37.27,2.29,6.78,30.7,,,"NO3N below detection, NH4N below detection",,,,
60923_14_BTM_2,60923,14,BTM,2,,,,,,,,,,,,,,,,,0.0,0.0,19.5,2.01,Bray,8.41,,,,227.08,18.7,28.67,1.8,,,,,"NO3N below detection, NH4N below detection",,,,
60923_14_BTM_3,60923,14,BTM,3,,,,,,,,,,,,,,,,,4.14,0.0,21.59,3.2,Bray,6.01,,,,308.02,16.53,30.02,2.42,,,,,NO3N below detection,,,,
60923_14_TOP_1,60923,14,TOP,1,1.3,0.17,0.17,0.007,5,0.14,0.5,2.6,0.4,18,11.77,2.19,0.08,0.25,14.29,17.87,0.0,0.0,41.38,8.54,Bray,0.0,0.99,,,178.15,23.66,31.37,4.74,7.07,14.35,,,"NO3N below detection, NH4N below detection",,P below detection,,
60923_14_TOP_2,60923,14,TOP,2,,,,,,,,,,,,,,,,,0.65,0.0,47.13,8.17,Bray,0.23,,,,160.38,18.54,26.29,4.1,,,,,NO3N below detection,,,,
60923_14_TOP_3,60923,14,TOP,3,,,,,,,,,,,,,,,,,3.5,0.15,39.5,8.09,Bray,0.0,,,,163.38,16.91,26.12,4.12,,,,,,,P below detection,,
60923_15_BTM_1,60923,15,BTM,1,3.16,0.26,0.26,0.02,4,0.4,2.0,2.3,0.7,97,14.15,4.35,0.05,0.11,18.66,28.17,0.0,0.0,59.97,16.99,Bray,20.18,1.26,,,173.39,10.91,28.32,4.1,6.24,18.5,,,"NO3N below detection, NH4N below detection",,,,
60923_15_BTM_2,60923,15,BTM,2,,,,,,,,,,,,,,,,,0.0,0.0,27.12,8.73,Bray,19.66,,,,132.95,8.26,28.51,3.11,,,,,"NO3N below detection, NH4N below detection",,,,
60923_15_BTM_3,60923,15,BTM,3,,,,,,,,,,,,,,,,,1.8,0.0,33.3,8.07,Bray,5.7,,,,50.95,2.23,26.16,3.32,,,,,NO3N below detection,,,,
60923_15_TOP_1,60923,15,TOP,1,3.24,0.28,0.28,0.021,4,0.38,2.1,9.3,0.8,159,11.02,2.87,0.05,0.29,14.23,27.72,0.0,0.0,72.56,14.96,Bray,0.0,1.05,,,62.53,0.0,45.25,4.97,5.56,19.15,,,"NO3N below detection, NH4N below detection",,P below detection,MAOM-N below detection,
60923_15_TOP_2,60923,15,TOP,2,,,,,,,,,,,,,,,,,0.31,0.0,74.77,17.52,Bray,0.09,,,,115.52,4.69,43.36,5.07,,,,,NO3N below detection,,,,
60923_15_TOP_3,60923,15,TOP,3,,,,,,,,,,,,,,,,,1.81,0.0,71.72,14.86,Bray,0.0,,,,114.65,9.54,43.18,4.95,,,,,NO3N below detection,,P below detection,,
60923_16_BTM_1,60923,16,BTM,1,2.96,0.26,0.26,0.019,3,0.32,1.9,3.0,0.8,66,13.5,3.85,0.02,0.13,17.5,25.34,0.0,0.0,22.56,4.95,Bray,7.53,1.22,,,159.61,11.08,24.82,2.76,6.44,17.09,,,"NO3N below detection, NH4N below detection",,,,
60923_16_BTM_2,60923,16,BTM,2,,,,,,,,,,,,,,,,,0.3,0.0,64.91,13.44,Bray,7.64,,,,121.21,2.59,23.55,2.96,,,,,NO3N below detection,,,,
60923_16_BTM_3,60923,16,BTM,3,,,,,,,,,,,,,,,,,2.14,0.0,17.13,4.23,Bray,6.89,,,,60.96,1.72,23.76,2.52,,,,,NO3N below detection,,,,
60923_16_TOP_1,60923,16,TOP,1,3.58,0.29,0.29,0.019,7,0.79,2.2,16.5,0.8,278,8.07,2.9,0.03,0.27,11.27,28.2,0.0,0.0,162.87,31.42,Bray,0.0,1.01,,,48.75,8.2,44.54,4.46,5.54,18.86,,,"NO3N below detection, NH4N below detection",,P below detection,,
60923_16_TOP_2,60923,16,TOP,2,,,,,,,,,,,,,,,,,0.0,0.0,160.63,30.43,Bray,0.16,,,,62.27,2.78,45.02,4.25,,,,,"NO3N below detection, NH4N below detection",,,,
60923_16_TOP_3,60923,16,TOP,3,,,,,,,,,,,,,,,,,1.43,0.53,63.18,11.83,Bray,0.0,,,,100.48,2.49,44.77,4.33,,,,,,,P below detection,,
60923_17_BTM_1,60923,17,BTM,1,4.05,0.32,0.32,0.033,2,0.39,1.8,2.0,1.3,90,20.04,5.39,0.04,0.14,25.61,41.29,0.0,0.0,21.74,5.46,Bray,4.73,1.12,,,156.33,11.25,40.19,4.44,6.24,23.34,,,"NO3N below detection, NH4N below detection",,,,
60923_17_BTM_2,60923,17,BTM,2,,,,,,,,,,,,,,,,,0.0,0.0,22.13,7.21,Bray,4.62,,,,130.8,4.83,36.53,4.16,,,,,"NO3N below detection, NH4N below detection",,,,
60923_17_BTM_3,60923,17,BTM,3,,,,,,,,,,,,,,,,,1.5,0.0,25.68,9.04,Bray,4.01,,,,151.28,2.74,34.57,4.03,,,,,NO3N below detection,,,,
60923_17_TOP_1,60923,17,TOP,1,3.99,0.32,0.32,0.03,4,0.27,2.5,3.6,0.8,102,14.16,3.98,0.03,0.37,18.54,33.52,0.73,0.0,94.74,20.61,Bray,0.0,0.99,,,79.95,12.07,31.69,4.16,6.13,25.28,,,NO3N below detection,,P below detection,,
60923_17_TOP_2,60923,17,TOP,2,,,,,,,,,,,,,,,,,0.33,0.0,46.45,14.38,Bray,0.2,,,,38.55,3.27,32.99,4.01,,,,,NO3N below detection,,,,
60923_17_TOP_3,60923,17,TOP,3,,,,,,,,,,,,,,,,,2.73,0.16,26.07,7.86,Bray,0.0,,,,38.09,3.72,31.7,3.83,,,,,,,P below detection,,
60923_18_BTM_1,60923,18,BTM,1,2.12,0.18,0.18,0.012,5,0.25,0.9,1.4,0.6,48,13.33,4.17,0.03,0.11,17.64,27.51,0.0,0.0,29.44,8.02,Bray,13.42,1.49,,,105.87,11.96,25.2,2.49,6.39,17.18,,,"NO3N below detection, NH4N below detection",,,,
60923_18_BTM_2,60923,18,BTM,2,,,,,,,,,,,,,,,,,0.3,0.0,22.27,6.39,Bray,15.3,,,,90.64,7.72,24.16,1.88,,,,,NO3N below detection,,,,
60923_18_BTM_3,60923,18,BTM,3,,,,,,,,,,,,,,,,,2.13,0.88,25.25,6.71,Bray,15.73,,,,114.68,3.45,26.44,2.47,,,,,,,,,
60923_18_TOP_1,60923,18,TOP,1,3.08,0.24,0.24,0.017,5,0.33,1.8,7.5,0.7,108,8.76,3.12,0.06,0.58,12.52,23.29,0.0,0.0,135.0,29.63,Bray,0.0,1.14,,,116.38,13.57,36.65,4.28,5.96,21.29,,,"NO3N below detection, NH4N below detection",,P below detection,,
60923_18_TOP_2,60923,18,TOP,2,,,,,,,,,,,,,,,,,0.0,0.0,37.27,10.44,Bray,0.0,,,,77.22,1.26,36.2,3.84,,,,,"NO3N below detection, NH4N below detection",,P below detection,,
60923_18_TOP_3,60923,18,TOP,3,,,,,,,,,,,,,,,,,2.23,0.0,115.16,28.35,Bray,0.0,,,,63.54,2.52,44.47,4.86,,,,,NO3N below detection,,P below detection,,
60923_19_BTM_1,60923,19,BTM,1,2.41,0.19,0.19,0.028,5,0.41,0.9,1.2,1.0,30,17.09,5.66,0.04,0.16,22.95,27.76,0.67,0.0,15.87,6.73,Bray,14.81,1.15,,,133.03,12.79,20.38,2.69,6.53,18.02,,,NO3N below detection,,,,
60923_19_BTM_2,60923,19,BTM,2,,,,,,,,,,,,,,,,,0.0,0.0,15.82,4.72,Bray,13.63,,,,100.09,4.67,18.52,2.29,,,,,"NO3N below detection, NH4N below detection",,,,
60923_19_BTM_3,60923,19,BTM,3,,,,,,,,,,,,,,,,,1.41,0.0,28.9,6.74,Bray,14.27,,,,71.36,2.27,20.68,2.24,,,,,NO3N below detection,,,,
60923_19_TOP_1,60923,19,TOP,1,3.44,0.3,0.3,0.022,3,0.3,1.6,3.9,1.0,103,12.91,4.33,0.04,0.44,17.72,34.6,0.0,0.0,43.11,14.03,Bray,0.0,1.17,,,163.48,16.86,33.71,4.41,6.07,23.7,,,"NO3N below detection, NH4N below detection",,P below detection,,
60923_19_TOP_2,60923,19,TOP,2,,,,,,,,,,,,,,,,,0.72,0.0,78.59,20.33,Bray,0.38,,,,112.46,7.32,35.53,4.5,,,,,NO3N below detection,,,,
60923_19_TOP_3,60923,19,TOP,3,,,,,,,,,,,,,,,,,3.09,0.16,26.68,9.24,Bray,0.29,,,,113.42,4.15,35.05,4.56,,,,,,,,,
60923_1_BTM_1,60923,1,BTM,1,9.16,0.15,0.15,0.16,2,1.38,0.1,2.6,1.9,8,29.09,0.8,0.16,0.53,30.58,28.33,2.48,4.88,382.97,6.43,Olsen,0.0,0.76,,,1602.39,32.56,34.02,7.75,8.22,18.97,,,,,,,
60923_1_BTM_2,60923,1,BTM,2,,,,,,,,,,,,,,,,,2.65,3.01,83.07,5.72,Olsen,0.13,,,,1471.31,44.71,23.55,7.3,,,,,,,,,
60923_1_BTM_3,60923,1,BTM,3,,,,,,,,,,,,,,,,,2.48,3.17,72.22,4.93,Olsen,0.0,,,,782.35,29.59,30.57,7.97,,,,,,,P below detection,,
60923_1_TOP_1,60923,1,TOP,1,9.41,0.22,0.22,0.158,3,1.14,0.5,0.9,1.5,5,29.71,1.01,0.13,1.25,32.1,28.47,2.37,5.36,425.53,14.52,Olsen,1.3,0.76,,,582.32,50.4,40.01,12.3,8.19,17.26,,,,,,,
60923_1_TOP_2,60923,1,TOP,2,,,,,,,,,,,,,,,,,2.16,5.71,418.78,14.85,Olsen,1.37,,,,1014.9,45.14,36.9,12.05,,,,,,,,,
60923_1_TOP_3,60923,1,TOP,3,,,,,,,,,,,,,,,,,1.77,4.72,123.57,13.83,Olsen,1.4,,,,1526.22,36.82,35.54,11.82,,,,,,,,,
60923_20_BTM_1,60923,20,BTM,1,2.26,0.21,0.21,0.02,4,0.32,1.2,1.7,0.8,23,18.17,6.71,0.01,0.13,25.02,37.03,0.0,0.0,24.54,3.88,Bray,0.0,1.19,,,100.29,17.42,21.26,2.52,6.63,18.82,,,"NO3N below detection, NH4N below detection",,P below detection,,
60923_20_BTM_2,60923,20,BTM,2,,,,,,,,,,,,,,,,,0.0,0.0,25.4,4.35,Bray,79.32,,,,76.35,7.5,20.06,2.43,,,,,"NO3N below detection, NH4N below detection",,,,
60923_20_BTM_3,60923,20,BTM,3,,,,,,,,,,,,,,,,,1.81,0.0,25.19,6.7,Bray,91.43,,,,45.72,2.23,26.46,2.41,,,,,NO3N below detection,,,,
60923_20_TOP_1,60923,20,TOP,1,3.74,0.29,0.29,0.024,5,0.26,1.7,5.9,0.9,99,10.85,4.16,0.02,0.51,15.54,33.28,0.0,0.0,48.3,9.83,Bray,0.0,1.05,,,109.22,17.01,38.29,4.79,6.02,21.79,,,"NO3N below detection, NH4N below detection",,P below detection,,
60923_20_TOP_2,60923,20,TOP,2,,,,,,,,,,,,,,,,,0.0,2.48,43.11,11.0,Bray,0.75,,,,37.28,2.11,41.69,4.33,,,,,NH4N below detection,,,,
60923_20_TOP_3,60923,20,TOP,3,,,,,,,,,,,,,,,,,1.09,5.58,41.11,9.11,Bray,0.58,,,,79.6,3.35,42.19,4.8,,,,,,,,,
60923_21_BTM_1,60923,21,BTM,1,2.99,0.28,0.28,0.018,2,0.32,0.6,1.1,1.3,25,17.9,6.11,0.04,0.23,24.28,33.52,1.82,14.91,14.08,4.15,Bray,4.05,1.07,,,179.2,24.29,17.85,2.37,6.72,19.64,,,,,,,
60923_21_BTM_2,60923,21,BTM,2,,,,,,,,,,,,,,,,,0.31,0.0,6.9,3.18,Bray,5.06,,,,81.74,4.4,18.5,2.1,,,,,NO3N below detection,,,,
60923_21_BTM_3,60923,21,BTM,3,,,,,,,,,,,,,,,,,2.96,0.0,17.8,4.52,Bray,2.41,,,,123.04,2.41,17.6,1.77,,,,,NO3N below detection,,,,
60923_21_TOP_1,60923,21,TOP,1,3.38,0.31,0.31,0.027,5,0.28,1.8,4.4,0.9,96,13.27,4.27,0.02,0.54,18.1,28.57,0.7,0.0,78.77,16.78,Bray,65.93,1.05,,,139.38,17.96,40.71,9.62,6.11,21.25,,,NO3N below detection,,,,
60923_21_TOP_2,60923,21,TOP,2,,,,,,,,,,,,,,,,,2.24,17.09,71.57,15.79,Bray,1.73,,,,78.03,4.91,42.15,9.42,,,,,,,,,
60923_21_TOP_3,60923,21,TOP,3,,,,,,,,,,,,,,,,,6.85,19.77,72.2,16.42,Bray,0.29,,,,176.99,9.65,41.8,9.94,,,,,,,,,
60923_2_BTM_1,60923,2,BTM,1,,,,,,,,,,,,,,,,,2.08,0.0,355.88,4.03,Olsen,0.0,0.9,,,1232.21,50.74,21.23,1.72,7.76,16.15,,,NO3N below detection,,P below detection,,
60923_2_BTM_2,60923,2,BTM,2,,,,,,,,,,,,,,,,,1.96,0.0,344.61,4.34,Olsen,0.0,,,,1226.09,43.74,21.94,1.74,,,,,NO3N below detection,,P below detection,,
60923_2_BTM_3,60923,2,BTM,3,,,,,,,,,,,,,,,,,2.0,0.0,350.97,3.8,Olsen,0.0,,,,1205.12,49.72,21.09,1.8,,,,,NO3N below detection,,P below detection,,
60923_2_TOP_1,60923,2,TOP,1,7.62,0.19,0.19,0.162,5,1.27,0.5,1.0,0.5,9,34.89,1.38,0.11,1.11,37.49,33.3,2.74,1.03,392.1,10.04,Olsen,1.66,0.67,,,1244.11,47.27,25.3,4.74,8.35,24.01,,,,,,,
60923_2_TOP_2,60923,2,TOP,2,,,,,,,,,,,,,,,,,2.43,0.44,70.29,9.22,Olsen,2.39,,,,1133.03,49.31,22.31,3.65,,,,,,,,,
60923_2_TOP_3,60923,2,TOP,3,,,,,,,,,,,,,,,,,1.34,0.66,368.6,8.71,Olsen,1.44,,,,1195.2,42.02,21.51,4.15,,,,,,,,,
60923_3_BTM_1,60923,3,BTM,1,8.49,0.16,0.16,0.153,10,0.99,0.1,3.3,0.2,6,33.07,0.89,0.13,0.72,34.81,29.85,2.78,1.4,34.72,4.87,Olsen,0.01,0.75,,,1307.56,87.63,25.25,5.33,8.3,13.66,,,,,,,
60923_3_BTM_2,60923,3,BTM,2,,,,,,,,,,,,,,,,,2.67,1.6,,,Olsen,0.0,,,,1385.94,64.86,22.77,4.89,,,,,,,P below detection,,
60923_3_BTM_3,60923,3,BTM,3,,,,,,,,,,,,,,,,,2.79,1.62,40.27,5.81,Olsen,0.0,,,,1257.93,51.39,25.2,5.14,,,,,,,P below detection,,
60923_3_TOP_1,60923,3,TOP,1,9.7,0.24,0.24,0.167,8,0.96,0.5,3.0,0.2,5,31.56,0.94,0.12,1.22,33.84,32.14,3.48,7.26,90.92,12.86,Olsen,1.34,0.76,,,1631.04,93.21,32.5,14.83,8.23,20.43,,,,,,,
60923_3_TOP_2,60923,3,TOP,2,,,,,,,,,,,,,,,,,3.66,8.19,427.94,19.01,Olsen,1.47,,,,1620.15,88.36,33.4,15.2,,,,,,,,,
60923_3_TOP_3,60923,3,TOP,3,,,,,,,,,,,,,,,,,3.42,7.7,170.91,14.81,Olsen,0.94,,,,1916.23,136.4,33.59,15.98,,,,,,,,,
60923_4_BTM_1,60923,4,BTM,1,8.13,0.16,0.16,0.148,5,1.15,0.1,2.8,0.5,7,32.32,0.88,0.13,0.69,34.02,31.24,1.59,0.76,32.17,3.52,Olsen,1.1,0.71,,,1233.24,104.52,19.69,3.47,8.24,17.47,,,,,,,
60923_4_BTM_2,60923,4,BTM,2,,,,,,,,,,,,,,,,,2.26,0.4,357.62,5.3,Olsen,0.05,,,,1860.7,85.03,24.9,3.68,,,,,,,,,
60923_4_BTM_3,60923,4,BTM,3,,,,,,,,,,,,,,,,,2.91,0.22,313.91,4.37,Olsen,0.0,,,,1497.5,69.78,20.2,3.12,,,,,,,P below detection,,
60923_4_TOP_1,60923,4,TOP,1,8.53,0.19,0.19,0.167,12,0.81,0.2,1.9,0.2,5,32.17,1.15,0.13,1.02,34.47,31.7,1.41,3.18,64.02,8.99,Olsen,1.59,0.68,,,1346.28,55.26,20.25,5.48,8.14,21.04,,,,,,,
60923_4_TOP_2,60923,4,TOP,2,,,,,,,,,,,,,,,,,1.56,2.76,65.52,9.03,Olsen,1.45,,,,1261.78,57.85,17.7,5.5,,,,,,,,,
60923_4_TOP_3,60923,4,TOP,3,,,,,,,,,,,,,,,,,1.06,2.53,74.42,9.02,Olsen,1.56,,,,2130.98,113.72,17.34,5.23,,,,,,,,,
60923_5_BTM_1,60923,5,BTM,1,7.71,0.11,0.11,0.157,8,1.02,0.1,4.9,0.3,7,34.92,0.94,0.14,0.8,36.8,30.0,3.98,0.0,330.56,3.63,Olsen,0.0,0.76,,,1102.3,58.12,66.49,4.67,8.15,16.94,,,NO3N below detection,filter-blank 34.03 mg/L NPOC,P below detection,,
60923_5_BTM_2,60923,5,BTM,2,,,,,,,,,,,,,,,,,2.83,0.0,31.15,2.9,Olsen,0.0,,,,1443.31,43.41,65.99,4.69,,,,,NO3N below detection,filter-blank 34.03 mg/L NPOC,P below detection,,
60923_5_BTM_3,60923,5,BTM,3,,,,,,,,,,,,,,,,,3.05,0.0,34.51,3.42,Olsen,0.0,,,,998.32,25.4,66.59,4.71,,,,,NO3N below detection,filter-blank 34.03 mg/L NPOC,P below detection,,
60923_5_TOP_1,60923,5,TOP,1,8.5,0.18,0.18,0.179,9,0.79,0.4,1.8,0.2,3,34.35,1.04,0.13,1.33,36.85,33.29,2.0,3.25,52.45,14.6,Olsen,2.25,0.63,,,1313.98,60.16,26.49,8.28,8.17,23.03,,,,filter-blank 34.03 mg/L NPOC,,,
60923_5_TOP_2,60923,5,TOP,2,,,,,,,,,,,,,,,,,2.65,4.13,71.5,11.33,Olsen,2.47,,,,1678.32,61.55,25.64,8.25,,,,,,filter-blank 34.03 mg/L NPOC,,,
60923_5_TOP_3,60923,5,TOP,3,,,,,,,,,,,,,,,,,2.55,5.19,79.28,11.38,Olsen,1.77,,,,1430.4,50.38,27.43,8.68,,,,,,filter-blank 34.03 mg/L NPOC,,,
60923_6_BTM_1,60923,6,BTM,1,6.54,0.15,0.15,0.133,6,0.73,0.1,1.6,0.3,8,43.81,1.04,0.15,0.79,45.79,42.36,1.43,0.13,27.86,3.78,Olsen,0.0,0.62,,,664.38,43.44,19.01,1.07,8.3,22.42,,,,filter-blank 34.03 mg/L NPOC,P below detection,,
60923_6_BTM_2,60923,6,BTM,2,,,,,,,,,,,,,,,,,1.32,0.0,30.25,2.42,Olsen,0.0,,,,578.42,27.77,21.11,1.28,,,,,NO3N below detection,filter-blank 34.03 mg/L NPOC,P below detection,,
60923_6_BTM_3,60923,6,BTM,3,,,,,,,,,,,,,,,,,1.18,0.14,35.99,3.23,Olsen,0.02,,,,631.7,30.83,16.68,0.89,,,,,,filter-blank 34.03 mg/L NPOC,,,
60923_6_TOP_1,60923,6,TOP,1,7.48,0.19,0.19,0.151,7,0.78,0.2,2.8,0.4,7,43.94,1.19,0.14,1.11,46.38,33.69,3.05,0.0,30.54,8.44,Olsen,0.86,0.71,,,994.88,63.25,65.37,2.92,8.35,23.08,,,NO3N below detection,filter-blank 34.03 mg/L NPOC,,,
60923_6_TOP_2,60923,6,TOP,2,,,,,,,,,,,,,,,,,3.1,0.0,70.23,9.82,Olsen,0.84,,,,982.21,50.37,64.19,2.7,,,,,NO3N below detection,filter-blank 34.03 mg/L NPOC,,,
60923_6_TOP_3,60923,6,TOP,3,,,,,,,,,,,,,,,,,3.08,0.0,71.85,8.45,Olsen,1.15,,,,785.63,34.61,72.02,2.85,,,,,NO3N below detection,filter-blank 34.03 mg/L NPOC,,,
60923_7_BTM_1,60923,7,BTM,1,7.35,0.18,0.18,0.145,2,1.36,0.3,1.7,1.6,11,40.54,0.99,0.13,0.8,42.46,34.13,1.14,16.09,1.87,5.8,Olsen,0.35,0.73,,,181.7,0.0,9.12,24.02,8.21,24.38,,,,filter-blank 34.03 mg/L NPOC,,MAOM-N below detection,
60923_7_BTM_2,60923,7,BTM,2,,,,,,,,,,,,,,,,,0.94,15.11,31.49,5.86,Olsen,0.38,,,,213.43,0.0,9.46,24.85,,,,,,filter-blank 34.03 mg/L NPOC,,MAOM-N below detection,
60923_7_BTM_3,60923,7,BTM,3,,,,,,,,,,,,,,,,,0.72,14.42,34.87,6.26,Olsen,0.31,,,,228.05,0.0,9.83,23.39,,,,,,filter-blank 34.03 mg/L NPOC,,MAOM-N below detection,
60923_7_TOP_1,60923,7,TOP,1,8.05,0.17,0.17,0.146,8,0.91,0.2,1.4,0.5,5,36.22,1.03,0.13,0.91,38.29,31.97,0.61,3.72,0.0,3.22,Olsen,3.98,0.71,,,305.86,8.71,15.14,8.29,8.39,19.32,,,,"NPOC below detection, filter-blank 34.03 mg/L NPOC",,,
60923_7_TOP_2,60923,7,TOP,2,,,,,,,,,,,,,,,,,0.28,4.18,0.0,4.13,Olsen,4.52,,,,274.96,0.0,14.49,7.87,,,,,,"NPOC below detection, filter-blank 34.03 mg/L NPOC",,MAOM-N below detection,
60923_7_TOP_3,60923,7,TOP,3,,,,,,,,,,,,,,,,,0.55,4.08,62.23,6.37,Olsen,3.61,,,,572.63,7.72,14.96,7.78,,,,,,filter-blank 34.03 mg/L NPOC,,,
60923_8_BTM_1,60923,8,BTM,1,1.18,0.18,0.18,0.006,5,0.12,0.4,2.6,0.5,25,11.81,2.35,0.09,0.13,14.38,21.85,0.0,0.0,1.03,0.73,Bray,5.38,1.28,,,224.03,30.12,34.45,1.81,6.79,22.79,,,"NO3N below detection, NH4N below detection",,,,
60923_8_BTM_2,60923,8,BTM,2,,,,,,,,,,,,,,,,,0.0,0.0,4.0,0.81,Bray,4.79,,,,217.37,23.61,31.43,1.26,,,,,"NO3N below detection, NH4N below detection",,,,
60923_8_BTM_3,60923,8,BTM,3,,,,,,,,,,,,,,,,,1.1,0.0,23.8,1.3,Bray,4.38,,,,244.88,22.29,30.26,1.43,,,,,NO3N below detection,,,,
60923_8_TOP_1,60923,8,TOP,1,1.48,0.2,0.2,0.005,4,0.11,0.4,3.3,0.5,18,11.06,1.59,0.03,0.3,12.98,19.0,0.0,0.0,32.39,7.94,Bray,0.0,1.22,,,327.78,38.56,32.37,3.1,6.57,23.02,,,"NO3N below detection, NH4N below detection",,P below detection,,
60923_8_TOP_2,60923,8,TOP,2,,,,,,,,,,,,,,,,,0.0,0.0,42.8,8.5,Bray,0.0,,,,206.06,26.46,31.78,3.11,,,,,"NO3N below detection, NH4N below detection",,P below detection,,
60923_8_TOP_3,60923,8,TOP,3,,,,,,,,,,,,,,,,,1.49,0.0,33.39,6.72,Bray,0.48,,,,225.27,22.23,24.32,2.29,,,,,NO3N below detection,,,,
60923_9_BTM_1,60923,9,BTM,1,0.89,0.15,0.15,0.001,4,0.11,0.4,3.5,0.5,31,14.74,4.4,0.2,0.17,19.51,42.79,0.0,0.0,12.77,0.57,Bray,7.12,0.92,,,311.5,28.81,38.86,2.64,6.58,31.78,,,"NO3N below detection, NH4N below detection",,,,
60923_9_BTM_2,60923,9,BTM,2,,,,,,,,,,,,,,,,,0.0,0.0,16.19,1.48,Bray,6.72,,,,211.22,14.22,42.95,1.49,,,,,"NO3N below detection, NH4N below detection",,,,
60923_9_BTM_3,60923,9,BTM,3,,,,,,,,,,,,,,,,,1.63,0.0,22.26,0.8,Bray,6.82,,,,,,,,,,,,NO3N below detection,,,,
60923_9_TOP_1,60923,9,TOP,1,1.35,0.2,0.2,0.007,19,0.06,0.3,0.9,0.4,8,12.47,1.83,0.03,0.31,14.64,16.39,0.0,0.0,37.17,7.11,Bray,1.15,1.07,,,228.8,30.6,25.33,2.94,6.8,23.05,,,"NO3N below detection, NH4N below detection",,,,
60923_9_TOP_2,60923,9,TOP,2,,,,,,,,,,,,,,,,,0.71,0.0,16.14,2.98,Bray,1.88,,,,218.07,22.51,23.88,3.03,,,,,NO3N below detection,,,,
60923_9_TOP_3,60923,9,TOP,3,,,,,,,,,,,,,,,,,2.27,0.0,0.63,1.16,Bray,0.9,,,,182.31,18.17,29.25,4.46,,,,,NO3N below detection,,,,
60929_1_BTM_1,60929,1,BTM,1,2.05,0.1,0.1,0.059,7,0.64,0.4,2.1,0.5,1,15.14,2.6,0.11,0.51,18.85,11.01,0.0,0.0,42.1,6.46,Olsen,0.0,1.02,,Out_of_Range,275.39,17.28,24.01,4.23,8.84,8.02,,,"NO3N below detection, NH4N below detection",,P below detection,,
60929_1_BTM_2,60929,1,BTM,2,,,,,,,,,,,,,,,,,0.0,0.14,40.19,5.74,Olsen,0.78,,,,219.06,9.83,72.15,13.69,,,,,NH4N below detection,,,,
60929_1_BTM_3,60929,1,BTM,3,,,,,,,,,,,,,,,,,1.27,0.14,42.02,6.09,Olsen,0.0,,,,218.37,12.08,53.64,11.21,,,,,,,P below detection,,
60929_1_MID_1,60929,1,MID,,,,,,,,,,,,,,,,,,,,,,,,,,,,,,,,8.37,,,,,,,
60929_1_TOP_1,60929,1,TOP,1,2.33,0.18,0.18,0.066,4,0.34,0.3,1.8,0.2,1,11.86,1.59,0.01,0.86,14.46,13.75,0.0,0.13,138.22,19.11,Olsen,1.79,0.87,0.010184876,,473.9,42.77,55.72,11.1,8.65,6.51,,,NH4N below detection,,,,
60929_1_TOP_2,60929,1,TOP,2,,,,,,,,,,,,,,,,,0.0,0.0,136.15,18.31,Olsen,4.32,,,,392.96,35.47,21.31,3.34,,,,,"NO3N below detection, NH4N below detection",,,,
60929_1_TOP_3,60929,1,TOP,3,,,,,,,,,,,,,,,,,0.59,0.0,127.68,19.15,Olsen,2.55,,,,,,21.66,3.52,,,,,NO3N below detection,,,,
60929_2_BTM_1,60929,2,BTM,1,2.45,0.09,0.09,0.077,5,0.15,0.4,2.2,0.6,4,15.13,5.73,0.19,0.99,22.05,14.33,0.0,0.0,46.0,4.4,Olsen,0.0,1.38,,Out_of_Range,430.07,19.64,108.89,17.35,9.01,13.63,,,"NO3N below detection, NH4N below detection",,P below detection,,
60929_2_BTM_2,60929,2,BTM,2,,,,,,,,,,,,,,,,,0.29,0.0,53.1,5.01,Olsen,0.0,,,,530.3,26.19,121.42,18.77,,,,,NO3N below detection,,P below detection,,
60929_2_BTM_3,60929,2,BTM,3,,,,,,,,,,,,,,,,,1.0,0.0,68.61,7.83,Olsen,0.0,,,,441.68,20.93,102.47,15.62,,,,,NO3N below detection,,P below detection,,
60929_2_MID_1,60929,2,MID,,,,,,,,,,,,,,,,,,,,,,,,,,,,,,,,14.36,,,,,,,
60929_2_TOP_1,60929,2,TOP,1,2.5,0.2,0.2,0.062,7,0.56,0.2,0.9,0.4,1,17.45,2.25,0.01,0.78,20.71,14.09,0.29,0.0,262.95,35.8,Olsen,1.64,1.16,0.005262194,,736.65,57.77,23.65,3.66,8.57,14.31,,,NO3N below detection,,,,
60929_2_TOP_2,60929,2,TOP,2,,,,,,,,,,,,,,,,,0.0,0.0,332.53,44.31,Olsen,3.77,,,,686.26,55.95,29.31,4.35,,,,,"NO3N below detection, NH4N below detection",,,,
60929_2_TOP_3,60929,2,TOP,3,,,,,,,,,,,,,,,,,1.36,0.0,314.19,41.62,Olsen,1.39,,,,597.35,50.24,21.75,3.66,,,,,NO3N below detection,,,,
60929_3_TOP_1,60929,3,TOP,1,1.25,0.17,0.17,0.01,6,0.08,0.4,2.9,0.4,23,7.6,1.29,0.01,0.72,9.9,10.13,0.0,0.0,68.98,13.11,Olsen,3.6,1.05,0.007730404,,376.91,32.25,48.3,8.36,7.76,11.99,,,"NO3N below detection, NH4N below detection",,,,
60929_3_TOP_2,60929,3,TOP,2,,,,,,,,,,,,,,,,,0.0,0.0,80.09,12.57,Olsen,5.12,,,,304.17,27.54,47.17,8.14,,,,,"NO3N below detection, NH4N below detection",,,,
60929_3_TOP_3,60929,3,TOP,3,,,,,,,,,,,,,,,,,0.63,0.0,83.65,13.99,Olsen,1.91,,,,287.5,28.58,76.76,13.67,,,,,NO3N below detection,,,,
60932_1_BTM_1,60932,1,BTM,1,2.08,0.12,0.12,0.079,146,2.68,2.4,0.2,0.1,51,1.73,4.91,16.49,0.81,23.94,7.35,0.0,0.0,696.48,4.72,Bray,5.09,1.16,,,1472.15,56.88,104.77,6.01,6.24,31.31,,,"NO3N below detection, NH4N below detection",,,,
60932_1_BTM_2,60932,1,BTM,2,,,,,,,,,,,,,,,,,0.34,0.0,826.69,4.74,Bray,5.62,,,,2078.64,112.61,91.01,5.47,,,,,NO3N below detection,,,,
60932_1_BTM_3,60932,1,BTM,3,,,,,,,,,,,,,,,,,2.46,0.0,977.51,6.15,Bray,4.7,,,,2223.59,95.49,134.83,9.1,,,,,NO3N below detection,,,,
60932_1_TOP_1,60932,1,TOP,1,7.59,0.34,0.34,0.215,466,3.9,0.7,0.2,0.1,95,3.28,6.8,25.99,1.14,37.21,16.01,0.0,0.0,1504.76,27.83,Bray,8.95,0.3,,,3106.58,111.95,102.82,17.28,6.27,113.31,,,"NO3N below detection, NH4N below detection",,,,
60932_1_TOP_2,60932,1,TOP,2,,,,,,,,,,,,,,,,,0.61,0.0,1816.98,41.11,Bray,9.2,,,,2811.78,99.02,195.32,25.66,,,,,NO3N below detection,,,,
60932_1_TOP_3,60932,1,TOP,3,,,,,,,,,,,,,,,,,4.37,0.0,1806.7,36.53,Bray,12.5,,,,2562.97,87.06,144.51,18.32,,,,,NO3N below detection,,,,
60932_2_BTM_1,60932,2,BTM,1,1.22,0.06,0.06,0.054,112,0.62,0.1,0.2,0.1,19,0.67,1.5,5.7,0.43,8.3,5.93,0.0,0.0,723.71,2.92,Bray,2.48,1.0,,,1236.59,124.85,43.52,1.81,5.07,17.95,,,"NO3N below detection, NH4N below detection",,,,
60932_2_BTM_2,60932,2,BTM,2,,,,,,,,,,,,,,,,,2.53,0.0,751.41,4.51,Bray,3.68,,,,1552.01,78.94,54.75,2.2,,,,,NO3N below detection,,,,
60932_2_BTM_3,60932,2,BTM,3,,,,,,,,,,,,,,,,,5.5,0.0,62.19,3.39,Bray,2.49,,,,1356.61,88.46,59.09,2.74,,,,,NO3N below detection,,,,
60932_2_TOP_1,60932,2,TOP,1,14.94,0.52,0.52,0.382,812,4.25,0.7,0.5,0.2,128,5.07,11.41,42.91,1.63,61.02,46.45,0.0,0.0,1945.71,21.26,Bray,2.12,0.22,,,2685.28,96.73,,,5.37,144.7,,SO4S high,"NO3N below detection, NH4N below detection",,,,
60932_2_TOP_2,60932,2,TOP,2,,,,,,,,,,,,,,,,,5.11,0.0,2295.02,28.09,Bray,3.75,,,,3736.68,224.74,272.43,21.18,,,,,NO3N below detection,,,,
60932_2_TOP_3,60932,2,TOP,3,,,,,,,,,,,,,,,,,10.35,0.0,1955.01,20.22,Bray,1.59,,,,3689.03,193.26,142.51,12.46,,,,,NO3N below detection,,,,
60932_3_BTM_1,60932,3,BTM,1,1.83,0.08,0.08,0.026,54,0.5,0.1,0.2,0.1,517,0.75,1.15,3.47,0.29,5.66,6.57,0.0,0.0,94.19,10.7,Bray,1.28,1.11,,,1825.2,107.15,84.86,3.23,4.52,22.38,,,"NO3N below detection, NH4N below detection",,,,
60932_3_BTM_2,60932,3,BTM,2,,,,,,,,,,,,,,,,,0.0,0.0,67.58,8.37,Bray,0.39,,,,2794.76,104.08,78.57,2.77,,,,,"NO3N below detection, NH4N below detection",,,,
60932_3_BTM_3,60932,3,BTM,3,,,,,,,,,,,,,,,,,2.25,0.0,86.57,9.86,Bray,0.0,,,,2696.57,98.2,84.91,3.23,,,,,NO3N below detection,,P below detection,,
60932_3_TOP_1,60932,3,TOP,1,,,,,,,,,,,,,,,,,0.0,0.0,775.69,77.69,Bray,1.17,0.07,,,3286.6,167.55,436.19,26.26,3.91,175.99,,,"NO3N below detection, NH4N below detection",,,,
60932_3_TOP_2,60932,3,TOP,2,,,,,,,,,,,,,,,,,0.0,0.0,818.59,78.93,Bray,3.14,,,,2681.22,202.82,507.23,30.65,,,,,"NO3N below detection, NH4N below detection",,,,
60932_3_TOP_3,60932,3,TOP,3,,,,,,,,,,,,,,,,,6.78,0.0,781.06,76.92,Bray,1.24,,,,6827.61,149.18,511.6,30.11,,,,,NO3N below detection,,,,
60932_4_BTM_1,60932,4,BTM,1,,,,,,,,,,,,,,,,,7.08,0.0,2038.96,9.48,Bray,0.0,0.22,,,2294.69,215.34,417.42,4.4,5.88,229.62,,,NO3N below detection,,P below detection,,
60932_4_BTM_2,60932,4,BTM,2,,,,,,,,,,,,,,,,,119.44,0.0,2299.82,10.85,Bray,1.92,,,,1848.08,96.29,487.71,7.54,,,,,NO3N below detection,,,,
60932_4_BTM_3,60932,4,BTM,3,,,,,,,,,,,,,,,,,135.0,0.0,2526.69,10.64,Bray,0.0,,,,2143.73,105.52,596.99,5.38,,,,,NO3N below detection,,P below detection,,
60932_4_TOP_1,60932,4,TOP,1,6.6,0.49,0.49,1.839,25,0.47,0.8,1.7,0.3,380,4.61,4.59,10.13,0.85,20.18,28.61,6.9,0.0,2661.97,13.86,Bray,12.14,0.2,,,3490.71,205.06,34.89,6.49,5.86,284.16,TotalS high,,NO3N below detection,,,,
60932_4_TOP_2,60932,4,TOP,2,,,,,,,,,,,,,,,,,2.59,0.0,2128.45,15.78,Bray,11.63,,,,4058.13,145.13,27.68,5.1,,,,,NO3N below detection,,,,
60932_4_TOP_3,60932,4,TOP,3,,,,,,,,,,,,,,,,,15.45,0.0,2309.72,18.56,Bray,13.67,,,,5930.48,447.23,44.14,6.19,,,,,NO3N below detection,,,,
60932_5_BTM_1,60932,5,BTM,1,,,,,,,,,,,,,,,,,0.0,0.0,9681.32,75.95,Bray,386.1,0.07,,,7292.72,186.62,223.97,56.04,6.74,792.63,,,"NO3N below detection, NH4N below detection",,,,
60932_5_BTM_2,60932,5,BTM,2,,,,,,,,,,,,,,,,,0.0,0.0,5571.92,59.13,Bray,328.91,,,,6917.35,234.71,208.72,50.52,,,,,"NO3N below detection, NH4N below detection",,,,
60932_5_BTM_3,60932,5,BTM,3,,,,,,,,,,,,,,,,,20.17,0.0,9687.32,70.77,Bray,333.66,,,,9126.47,170.49,292.06,64.39,,,,,NO3N below detection,,,,
60932_5_TOP_1,60932,5,TOP,1,,,,,,,,,,,,,,,,,0.0,0.0,8533.99,149.08,Bray,0.0,0.07,,,7113.07,311.4,262.11,57.62,6.61,976.94,,,"NO3N below detection, NH4N below detection",,P below detection,,
60932_5_TOP_2,60932,5,TOP,2,,,,,,,,,,,,,,,,,16.04,0.0,9761.83,200.01,Bray,405.3,,,,9133.71,243.54,301.06,69.69,,,,,NO3N below detection,,,,
60932_5_TOP_3,60932,5,TOP,3,,,,,,,,,,,,,,,,,37.08,0.0,11094.72,201.47,Bray,0.0,,,,10200.96,247.57,326.88,71.74,,,,,NO3N below detection,,P below detection,,
60932_6_BTM_1,60932,6,BTM,1,1.04,0.1,0.1,0.025,7,0.03,0.1,0.2,0.1,48,0.31,0.14,0.11,0.1,0.66,2.96,34.57,0.0,872.08,15.58,Bray,0.0,1.39,,,1092.64,53.71,22.92,2.47,4.0,16.21,,,NO3N below detection,,P below detection,,
60932_6_BTM_2,60932,6,BTM,2,,,,,,,,,,,,,,,,,3.21,4.89,832.5,14.69,Bray,0.38,,,,975.04,54.82,24.15,2.56,,,,,,,,,
60932_6_BTM_3,60932,6,BTM,3,,,,,,,,,,,,,,,,,5.02,5.23,1249.95,17.39,Bray,1.41,,,,1164.52,46.3,27.78,2.59,,,,,,,,,
60932_6_TOP_1,60932,6,TOP,1,6.93,0.32,0.32,0.09,13,0.07,0.2,0.5,0.1,72,0.56,0.41,0.18,0.27,1.42,12.96,0.37,0.0,1337.79,78.18,Bray,54.02,0.43,,,1157.95,63.11,172.01,10.46,4.17,37.43,,,NO3N below detection,,,,
60932_6_TOP_2,60932,6,TOP,2,,,,,,,,,,,,,,,,,2.17,4.23,1473.45,69.16,Bray,1.9,,,,1388.72,62.9,184.22,12.73,,,,,,,,,
60932_6_TOP_3,60932,6,TOP,3,,,,,,,,,,,,,,,,,5.74,5.11,1411.13,73.18,Bray,47.82,,,,1670.99,59.23,215.78,14.21,,,,,,,,,
60933_10_TOP_1,60933,10,TOP,1,6.53,0.5,0.5,0.064,2,0.02,2.1,17.8,0.2,56,7.26,0.88,0.1,0.96,9.2,18.54,0.0,1.77,365.65,63.79,Bray,0.0,0.38,,,1206.77,65.58,43.3,7.29,5.95,25.17,,,NH4N below detection,,P below detection,,
60933_10_TOP_2,60933,10,TOP,2,,,,,,,,,,,,,,,,,0.0,1.76,367.47,77.64,Bray,0.0,,,,1096.95,63.16,59.86,7.6,,,,,NH4N below detection,,P below detection,,
60933_10_TOP_3,60933,10,TOP,3,,,,,,,,,,,,,,,,,1.93,2.57,339.05,68.43,Bray,0.0,,,,997.85,59.25,50.05,6.06,,,,,,,P below detection,,
60933_11_BTM_1,60933,11,BTM,1,3.51,0.32,0.32,0.046,6,0.71,0.5,16.1,0.9,13,28.69,1.49,0.11,0.76,31.05,43.46,0.67,0.0,68.64,10.21,Bray,0.16,0.82,,,1141.28,54.64,112.14,2.78,6.36,18.75,,,NO3N below detection,,,,
60933_11_BTM_2,60933,11,BTM,2,,,,,,,,,,,,,,,,,1.42,0.0,50.57,7.55,Bray,0.61,,,,1167.75,56.77,112.75,3.0,,,,,NO3N below detection,,,,
60933_11_BTM_3,60933,11,BTM,3,,,,,,,,,,,,,,,,,3.66,0.0,68.26,9.09,Bray,0.39,,,,1486.31,75.37,127.23,3.27,,,,,NO3N below detection,,,,
60933_11_TOP_1,60933,11,TOP,1,5.9,0.53,0.53,0.021,4,0.54,2.3,2.9,0.7,11,23.18,1.94,0.1,1.17,26.39,41.37,1.12,1.36,170.65,21.82,Bray,0.0,0.85,,,1590.39,63.66,44.21,7.11,6.57,25.27,,,,,P below detection,,
60933_11_TOP_2,60933,11,TOP,2,,,,,,,,,,,,,,,,,3.1,2.94,109.01,18.85,Bray,0.67,,,,1420.1,57.53,43.28,7.1,,,,,,,,,
60933_11_TOP_3,60933,11,TOP,3,,,,,,,,,,,,,,,,,5.09,3.34,94.84,15.0,Bray,0.73,,,,1691.66,93.38,43.13,7.29,,,,,,,,,
60933_12_BTM_1,60933,12,BTM,1,4.13,0.37,0.37,0.039,10,1.16,0.6,6.4,0.5,8,22.43,0.89,0.13,0.64,24.09,33.34,2.14,0.0,98.42,12.15,Olsen,0.0,0.66,0.003713115,,1735.54,73.82,31.85,3.18,7.6,17.65,,,NO3N below detection,,P below detection,,
60933_12_BTM_2,60933,12,BTM,2,,,,,,,,,,,,,,,,,1.78,0.0,94.61,12.36,Olsen,0.0,,,,2161.17,93.66,28.5,3.36,,,,,NO3N below detection,,P below detection,,
60933_12_BTM_3,60933,12,BTM,3,,,,,,,,,,,,,,,,,4.37,0.15,80.66,11.97,Olsen,0.0,,,,2079.97,50.63,26.24,2.82,,,,,,,P below detection,,
60933_12_TOP_1,60933,12,TOP,1,5.51,0.5,0.5,0.049,10,0.89,1.6,2.6,0.6,8,23.57,1.69,0.11,1.39,26.76,44.0,2.23,1.3,89.79,13.31,Bray,0.0,0.81,0.00665,,2776.73,89.52,43.83,6.72,7.24,21.41,,,,,P below detection,,
60933_12_TOP_2,60933,12,TOP,2,,,,,,,,,,,,,,,,,2.99,0.54,125.31,17.82,Bray,0.77,,,,2271.86,94.92,43.49,5.86,,,,,,,,,
60933_12_TOP_3,60933,12,TOP,3,,,,,,,,,,,,,,,,,5.7,1.31,76.89,11.84,Bray,0.0,,,,2008.95,133.84,42.98,6.21,,,,,,,P below detection,,
60933_13_BTM_1,60933,13,BTM,1,3.12,0.28,0.28,0.03,3,0.73,0.5,16.9,0.6,13,31.02,1.52,0.13,0.75,33.42,21.17,0.31,0.0,26.12,5.64,Bray,0.0,1.32,0.01052947,,1192.21,77.42,48.49,4.84,7.06,20.49,,,NO3N below detection,,P below detection,,
60933_13_BTM_2,60933,13,BTM,2,,,,,,,,,,,,,,,,,7.93,0.54,33.42,6.23,Bray,0.99,,,,1507.24,45.37,48.89,4.71,,,,,,,,,
60933_13_BTM_3,60933,13,BTM,3,,,,,,,,,,,,,,,,,11.01,0.92,30.19,5.74,Bray,2.28,,,,1338.89,77.78,36.64,3.97,,,,,,,,,
60933_13_TOP_1,60933,13,TOP,1,6.16,0.52,0.52,0.023,15,0.79,2.3,15.7,1.1,13,20.44,1.65,0.1,1.11,23.3,24.77,1.04,2.36,95.85,12.45,Bray,0.0,0.82,0.00842364,,1912.41,69.24,63.87,7.93,7.28,17.32,,,,,P below detection,,
60933_13_TOP_2,60933,13,TOP,2,,,,,,,,,,,,,,,,,1.04,1.62,99.18,11.69,Bray,10.17,,,,2241.74,95.59,67.7,7.66,,,,,,,,,
60933_13_TOP_3,60933,13,TOP,3,,,,,,,,,,,,,,,,,3.25,2.36,169.33,24.76,Bray,0.0,,,,1938.44,56.61,75.72,7.52,,,,,,,P below detection,,
60933_14_BTM_1,60933,14,BTM,1,3.59,0.33,0.33,1.178,10,1.01,0.5,27.9,1.0,16,27.69,1.36,0.13,0.7,29.88,25.25,4.01,0.0,40.89,5.79,Bray,0.94,0.94,,Out_of_Range,1360.2,82.72,43.97,4.15,6.92,17.74,TotalS high,,NO3N below detection,,,,
60933_14_BTM_2,60933,14,BTM,2,,,,,,,,,,,,,,,,,0.0,0.0,44.55,6.75,Bray,1.29,,,,1771.68,37.5,46.89,4.03,,,,,"NO3N below detection, NH4N below detection",,,,
60933_14_BTM_3,60933,14,BTM,3,,,,,,,,,,,,,,,,,2.53,0.52,52.04,8.59,Bray,1.05,,,,1369.3,20.95,39.18,3.85,,,,,,,,,
60933_14_TOP_1,60933,14,TOP,1,5.58,0.5,0.5,0.025,18,1.15,1.6,8.0,0.6,6,18.85,1.48,0.1,1.25,21.68,25.1,2.5,0.52,239.42,27.7,Bray,0.0,0.77,0.004644913,,1770.4,66.94,103.91,10.83,7.35,16.68,,,,,P below detection,,
60933_14_TOP_2,60933,14,TOP,2,,,,,,,,,,,,,,,,,1.03,0.52,93.7,11.62,Bray,0.16,,,,2155.67,119.77,89.23,9.82,,,,,,,,,
60933_14_TOP_3,60933,14,TOP,3,,,,,,,,,,,,,,,,,3.23,1.25,249.25,44.54,Bray,0.0,,,,1711.39,54.59,67.15,8.22,,,,,,,P below detection,,
60933_15_BTM_1,60933,15,BTM,1,4.02,0.34,0.34,0.071,4,1.23,0.7,12.2,0.7,12,33.38,1.25,0.11,0.83,35.57,21.62,7.69,0.15,174.48,25.42,Olsen,0.0,0.89,0.010794787,,2074.09,105.3,32.42,3.81,7.77,17.56,,,,,P below detection,,
60933_15_BTM_2,60933,15,BTM,2,,,,,,,,,,,,,,,,,0.67,0.0,57.74,7.73,Olsen,0.32,,,,1606.62,48.54,25.91,3.15,,,,,NO3N below detection,,,,
60933_15_BTM_3,60933,15,BTM,3,,,,,,,,,,,,,,,,,3.26,0.0,138.88,19.57,Olsen,0.0,,,,1466.26,51.36,34.12,3.59,,,,,NO3N below detection,,P below detection,,
60933_15_TOP_1,60933,15,TOP,1,4.82,0.43,0.43,0.059,13,0.92,1.8,8.4,0.6,10,21.65,1.81,0.11,1.31,24.88,22.03,0.3,1.64,68.83,11.16,Bray,0.0,0.75,0.013928704,,1136.47,33.76,99.08,8.49,7.09,17.91,,,,,P below detection,,
60933_15_TOP_2,60933,15,TOP,2,,,,,,,,,,,,,,,,,1.42,0.52,158.21,23.66,Bray,0.0,,,,1637.94,42.78,87.57,7.99,,,,,,,P below detection,,
60933_15_TOP_3,60933,15,TOP,3,,,,,,,,,,,,,,,,,3.64,1.27,237.68,40.38,Bray,0.0,,,,1530.97,32.75,122.38,8.93,,,,,,,P below detection,,
60933_16_BTM_1,60933,16,BTM,1,3.98,0.35,0.35,0.049,10,0.65,0.6,8.8,0.9,22,26.56,1.77,0.11,0.75,29.19,24.51,3.0,0.0,126.05,23.52,Bray,0.0,0.85,0.009992495,,,,13.62,3.4,7.09,21.05,,,NO3N below detection,,P below detection,,
60933_16_BTM_2,60933,16,BTM,2,,,,,,,,,,,,,,,,,1.08,0.0,61.36,13.93,Bray,0.42,,,,1094.65,76.9,16.24,3.39,,,,,NO3N below detection,,,,
60933_16_BTM_3,60933,16,BTM,3,,,,,,,,,,,,,,,,,3.39,0.0,96.8,23.51,Bray,0.37,,,,979.75,30.51,19.88,3.25,,,,,NO3N below detection,,,,
60933_16_TOP_1,60933,16,TOP,1,4.84,0.44,0.44,0.055,10,0.42,1.2,4.2,0.7,19,20.51,2.09,0.11,1.36,24.07,24.1,1.52,0.96,116.06,30.56,Bray,0.0,0.73,0.010447052,,1610.56,63.4,27.01,4.53,7.28,24.76,,,,,P below detection,,
60933_16_TOP_2,60933,16,TOP,2,,,,,,,,,,,,,,,,,2.72,1.76,44.58,10.39,Bray,0.55,,,,1606.55,78.12,25.88,4.57,,,,,,,,,
60933_16_TOP_3,60933,16,TOP,3,,,,,,,,,,,,,,,,,3.91,2.55,133.32,30.44,Bray,0.0,,,,1587.5,109.96,30.5,6.12,,,,,,,P below detection,,
60933_17_BTM_1,60933,17,BTM,1,3.76,0.35,0.35,0.048,5,0.81,0.5,8.2,0.9,25,28.34,1.59,0.14,0.72,30.79,25.06,0.32,0.0,72.68,14.68,Bray,0.0,0.85,,Out_of_Range,1119.93,47.35,27.1,2.66,7.07,21.92,,,NO3N below detection,,P below detection,,
60933_17_BTM_2,60933,17,BTM,2,,,,,,,,,,,,,,,,,0.32,0.0,36.83,4.98,Bray,5.07,,,,1591.69,55.51,23.49,2.16,,,,,NO3N below detection,,,,
60933_17_BTM_3,60933,17,BTM,3,,,,,,,,,,,,,,,,,2.25,0.0,72.91,13.47,Bray,0.0,,,,1854.37,35.22,25.04,2.45,,,,,NO3N below detection,,P below detection,,
60933_17_TOP_1,60933,17,TOP,1,5.12,0.44,0.44,0.054,11,0.4,1.3,3.7,0.7,20,19.74,2.04,0.12,1.02,22.92,23.98,0.7,0.54,75.33,12.13,Bray,0.0,0.78,0.008110326,,1420.83,37.92,36.17,4.41,7.05,21.66,,,,,P below detection,,
60933_17_TOP_2,60933,17,TOP,2,,,,,,,,,,,,,,,,,1.47,0.93,,,Bray,0.15,,,,1608.89,48.1,38.47,5.14,,,,,,,,,
60933_17_TOP_3,60933,17,TOP,3,,,,,,,,,,,,,,,,,3.41,2.09,122.68,33.29,Bray,0.0,,,,1309.32,37.96,51.64,7.38,,,,,,,P below detection,,
60933_18_BTM_1,60933,18,BTM,1,3.37,0.3,0.3,0.044,9,0.71,0.5,8.6,0.7,19,30.26,1.77,0.12,0.75,32.9,26.26,0.31,0.0,23.67,3.47,Bray,4.43,0.77,,Out_of_Range,981.08,51.65,74.33,3.18,6.97,19.72,,,NO3N below detection,,,,
60933_18_BTM_2,60933,18,BTM,2,,,,,,,,,,,,,,,,,0.0,0.0,27.37,3.71,Bray,5.77,,,,1138.21,34.93,72.83,2.98,,,,,"NO3N below detection, NH4N below detection",,,,
60933_18_BTM_3,60933,18,BTM,3,,,,,,,,,,,,,,,,,1.06,0.0,33.32,4.59,Bray,3.94,,,,1129.09,30.9,71.04,2.84,,,,,NO3N below detection,,,,
60933_18_TOP_1,60933,18,TOP,1,5.07,0.45,0.45,0.059,9,0.39,1.9,5.0,0.8,20,18.74,1.83,0.09,1.1,21.76,24.57,1.45,1.68,179.61,31.35,Bray,0.0,0.95,0.039170523,,1253.4,70.21,59.43,5.68,6.95,20.3,,,,,P below detection,,
60933_18_TOP_2,60933,18,TOP,2,,,,,,,,,,,,,,,,,0.0,0.0,75.99,13.37,Bray,1.11,,,,1498.09,59.57,53.46,6.27,,,,,"NO3N below detection, NH4N below detection",,,,
60933_18_TOP_3,60933,18,TOP,3,,,,,,,,,,,,,,,,,2.59,0.0,87.74,13.5,Bray,0.0,,,,1672.34,61.75,62.29,6.52,,,,,NO3N below detection,,P below detection,,
60933_19_BTM_1,60933,19,BTM,1,3.16,0.28,0.28,0.045,3,0.54,0.6,15.8,0.9,23,28.58,1.8,0.11,0.81,31.3,24.52,0.0,0.0,39.27,7.6,Bray,0.0,0.81,0.017839444,,1262.29,40.57,65.3,4.42,6.61,20.79,,,"NO3N below detection, NH4N below detection",,P below detection,,
60933_19_BTM_2,60933,19,BTM,2,,,,,,,,,,,,,,,,,0.0,0.0,43.13,6.54,Bray,1.67,,,,1282.56,34.81,78.46,4.78,,,,,"NO3N below detection, NH4N below detection",,,,
60933_19_BTM_3,60933,19,BTM,3,,,,,,,,,,,,,,,,,2.22,0.0,46.5,6.72,Bray,0.0,,,,1737.57,35.02,66.71,4.22,,,,,NO3N below detection,,P below detection,,
60933_19_TOP_1,60933,19,TOP,1,6.15,0.52,0.52,0.06,18,0.67,2.0,7.2,0.5,12,16.35,1.89,0.09,1.25,19.58,30.48,2.6,0.54,84.05,12.47,Bray,0.11,1.59,0.016722414,,1753.02,51.63,70.33,9.25,7.0,20.52,,,,,,,
60933_19_TOP_2,60933,19,TOP,2,,,,,,,,,,,,,,,,,1.07,0.0,119.16,15.61,Bray,7.1,,,,1864.09,56.49,64.21,7.87,,,,,NO3N below detection,,,,
60933_19_TOP_3,60933,19,TOP,3,,,,,,,,,,,,,,,,,2.22,0.0,72.31,10.69,Bray,3.29,,,,1598.67,121.5,59.94,7.2,,,,,NO3N below detection,,,,
60933_1_TOP_1,60933,1,TOP,1,,,,,,,,,,,,,,,,,2.89,0.0,2270.53,274.66,Bray,14.65,0.11,,,475.33,38.94,649.76,41.33,5.96,31.23,,,NO3N below detection,,,,
60933_1_TOP_2,60933,1,TOP,2,,,,,,,,,,,,,,,,,0.77,0.0,2234.38,248.34,Bray,12.08,,,,189.08,21.36,598.9,36.84,,,,,NO3N below detection,,,,
60933_1_TOP_3,60933,1,TOP,3,,,,,,,,,,,,,,,,,2.47,0.0,2523.82,306.89,Bray,14.05,,,,382.55,29.15,554.0,32.36,,,,,NO3N below detection,,,,
60933_20_BTM_1,60933,20,BTM,1,3.86,0.38,0.38,0.095,1,0.81,0.1,10.6,0.7,18,26.8,1.57,0.13,0.83,29.33,24.32,0.0,0.0,36.09,6.31,Bray,8.76,0.7,0.01222277,,1479.23,72.45,20.35,1.93,7.25,21.7,,,"NO3N below detection, NH4N below detection",,,,
60933_20_BTM_2,60933,20,BTM,2,,,,,,,,,,,,,,,,,0.0,0.0,61.92,9.62,Bray,9.82,,,,1958.04,80.01,19.61,1.96,,,,,"NO3N below detection, NH4N below detection",,,,
60933_20_BTM_3,60933,20,BTM,3,,,,,,,,,,,,,,,,,1.86,0.0,38.81,5.76,Bray,8.64,,,,1522.12,63.06,18.41,1.9,,,,,NO3N below detection,,,,
60933_20_TOP_1,60933,20,TOP,1,5.19,0.46,0.46,0.068,11,0.99,1.6,5.2,0.9,10,23.08,2.05,0.1,1.56,26.79,24.08,0.0,0.0,85.22,12.82,Bray,0.0,0.74,0.011805511,,1495.17,54.85,64.31,7.29,7.25,19.87,,,"NO3N below detection, NH4N below detection",,P below detection,,
60933_20_TOP_2,60933,20,TOP,2,,,,,,,,,,,,,,,,,0.69,0.0,132.13,21.55,Bray,2.17,,,,1577.93,60.82,44.92,4.91,,,,,NO3N below detection,,,,
60933_20_TOP_3,60933,20,TOP,3,,,,,,,,,,,,,,,,,2.94,0.0,78.9,11.56,Bray,0.0,,,,1355.98,77.88,51.8,5.61,,,,,NO3N below detection,,P below detection,,
60933_2_BTM_1,60933,2,BTM,1,0.96,0.11,0.11,0.018,14,0.51,2.5,1.3,0.3,81,3.11,0.49,0.12,0.2,3.92,12.39,0.92,0.0,98.55,14.96,Bray,56.03,0.82,,,1046.28,23.93,43.36,1.69,5.4,6.48,,,NO3N below detection,,,,
60933_2_BTM_2,60933,2,BTM,2,,,,,,,,,,,,,,,,,0.92,0.0,130.48,14.28,Bray,56.37,,,,1361.15,29.02,51.22,2.61,,,,,NO3N below detection,,,,
60933_2_BTM_3,60933,2,BTM,3,,,,,,,,,,,,,,,,,2.54,0.0,102.51,11.86,Bray,55.13,,,,872.97,17.07,55.67,7.1,,,,,NO3N below detection,,,,
60933_2_TOP_1,60933,2,TOP,1,4.86,0.35,0.35,0.052,6,0.04,8.9,94.7,0.4,148,9.61,1.13,0.13,0.48,11.35,24.22,6.02,0.0,433.53,72.55,Bray,9.96,0.4,,,1002.12,51.46,63.0,3.15,5.28,20.18,,,NO3N below detection,,,,
60933_2_TOP_2,60933,2,TOP,2,,,,,,,,,,,,,,,,,1.45,0.0,469.02,75.47,Bray,9.26,,,,1427.08,58.54,65.69,2.89,,,,,NO3N below detection,,,,
60933_2_TOP_3,60933,2,TOP,3,,,,,,,,,,,,,,,,,2.59,0.0,447.5,73.29,Bray,9.04,,,,1274.79,57.36,67.42,3.6,,,,,NO3N below detection,,,,
60933_3_BTM_1,60933,3,BTM,1,1.34,0.1,0.1,0.024,12,0.38,2.0,5.0,0.2,101,4.43,0.99,0.13,0.19,5.74,13.8,0.94,0.0,143.76,14.32,Bray,48.75,0.78,,,1297.72,33.71,48.49,2.16,5.44,8.61,,,NO3N below detection,,,,
60933_3_BTM_2,60933,3,BTM,2,,,,,,,,,,,,,,,,,0.94,0.0,123.07,13.97,Bray,46.17,,,,995.19,22.58,39.41,1.66,,,,,NO3N below detection,,,,
60933_3_BTM_3,60933,3,BTM,3,,,,,,,,,,,,,,,,,1.27,0.0,134.18,14.76,Bray,43.99,,,,1022.18,21.48,40.9,1.43,,,,,NO3N below detection,,,,
60933_3_TOP_1,60933,3,TOP,1,16.01,0.62,0.62,0.083,28,0.36,12.4,252.2,0.7,178,9.38,1.29,0.15,0.56,11.38,45.51,0.0,0.0,1436.8,165.88,Bray,13.31,0.23,,,1711.4,113.36,214.91,9.54,4.34,33.54,,,"NO3N below detection, NH4N below detection",,,,
60933_3_TOP_2,60933,3,TOP,2,,,,,,,,,,,,,,,,,1.22,0.0,1229.16,146.09,Bray,13.24,,,,1945.66,99.93,215.96,9.37,,,,,NO3N below detection,,,,
60933_3_TOP_3,60933,3,TOP,3,,,,,,,,,,,,,,,,,2.96,0.0,1023.61,129.65,Bray,13.95,,,,1825.35,138.63,272.06,13.62,,,,,NO3N below detection,,,,
60933_4_BTM_1,60933,4,BTM,1,1.05,0.08,0.08,0.051,30,0.81,5.3,1.0,0.3,161,2.76,0.83,0.13,0.26,3.98,15.19,0.62,0.0,110.94,12.0,Bray,5.21,0.78,,,1532.91,35.52,24.7,1.58,5.36,11.16,,,NO3N below detection,,,,
60933_4_BTM_2,60933,4,BTM,2,,,,,,,,,,,,,,,,,1.32,0.49,121.48,11.27,Bray,8.58,,,,1937.21,34.85,24.37,1.19,,,,,,,,,
60933_4_BTM_3,60933,4,BTM,3,,,,,,,,,,,,,,,,,3.39,0.83,122.56,15.41,Bray,5.73,,,,1494.57,22.71,23.05,1.32,,,,,,,,,
60933_4_TOP_1,60933,4,TOP,1,6.49,0.33,0.33,0.121,6,0.13,5.3,74.2,0.6,226,4.7,0.82,0.13,0.35,6.0,21.21,0.3,0.0,366.66,54.28,Bray,12.59,0.37,,,884.37,41.65,61.86,2.19,4.87,15.83,,,NO3N below detection,,,,
60933_4_TOP_2,60933,4,TOP,2,,,,,,,,,,,,,,,,,0.66,0.0,328.27,48.2,Bray,11.99,,,,1048.94,41.64,72.87,2.66,,,,,NO3N below detection,,,,
60933_4_TOP_3,60933,4,TOP,3,,,,,,,,,,,,,,,,,1.02,0.0,327.22,50.19,Bray,11.72,,,,746.29,31.46,64.12,2.15,,,,,NO3N below detection,,,,
60933_5_BTM_1,60933,5,BTM,1,0.51,0.03,0.03,0.055,4,0.07,0.3,1.3,0.3,91,1.91,0.61,0.12,0.14,2.78,13.97,0.59,0.0,66.22,7.85,Bray,6.68,0.82,,Out_of_Range,1014.69,20.93,34.42,2.26,4.99,6.67,,,NO3N below detection,,,,
60933_5_BTM_2,60933,5,BTM,2,,,,,,,,,,,,,,,,,3.5,1.1,67.21,8.8,Bray,5.93,,,,1111.42,18.57,18.73,0.81,,,,,,,,,
60933_5_BTM_3,60933,5,BTM,3,,,,,,,,,,,,,,,,,4.8,1.11,68.65,8.83,Bray,6.11,,,,1005.59,15.38,49.9,7.15,,,,,,,,,
60933_5_TOP_1,60933,5,TOP,1,4.62,0.24,0.24,0.029,8,0.25,3.5,53.2,0.4,276,2.87,0.8,0.13,0.29,4.09,17.86,0.63,0.0,528.77,66.44,Bray,9.6,0.38,0.007908616,,1266.85,79.21,77.79,3.05,4.53,11.87,,,NO3N below detection,,,,
60933_5_TOP_2,60933,5,TOP,2,,,,,,,,,,,,,,,,,2.35,0.0,379.4,50.13,Bray,10.48,,,,769.92,44.94,74.8,3.4,,,,,NO3N below detection,,,,
60933_5_TOP_3,60933,5,TOP,3,,,,,,,,,,,,,,,,,3.74,0.0,450.18,56.15,Bray,11.71,,,,1342.83,62.38,67.9,2.7,,,,,NO3N below detection,,,,
60933_7_BTM_1,60933,7,BTM,1,4.62,0.4,0.4,0.061,8,0.03,0.2,26.8,0.2,59,3.93,0.55,0.14,0.52,5.14,16.13,3.3,0.14,359.72,50.8,Bray,17.57,0.75,,,1099.62,73.95,48.35,5.74,5.33,9.16,,,,,,,
60933_7_BTM_2,60933,7,BTM,2,,,,,,,,,,,,,,,,,1.62,0.47,359.69,50.07,Bray,17.71,,,,1294.67,77.14,55.34,6.38,,,,,,,,,
60933_7_BTM_3,60933,7,BTM,3,,,,,,,,,,,,,,,,,2.63,0.14,332.09,48.76,Bray,17.13,,,,1045.34,55.92,46.28,6.03,,,,,,,,,
60933_7_TOP_1,60933,7,TOP,1,5.48,0.47,0.47,0.042,5,0.03,0.8,18.1,0.2,47,4.49,0.67,0.11,0.83,6.1,16.11,2.18,0.0,326.44,56.08,Bray,11.52,0.35,,,1206.74,76.42,35.53,7.1,5.62,18.78,,,NO3N below detection,,,,
60933_7_TOP_2,60933,7,TOP,2,,,,,,,,,,,,,,,,,2.93,2.78,328.19,57.24,Bray,9.6,,,,968.55,52.54,30.3,7.23,,,,,,,,,
60933_7_TOP_3,60933,7,TOP,3,,,,,,,,,,,,,,,,,3.68,3.15,315.7,54.09,Bray,10.27,,,,1425.51,83.13,33.27,7.35,,,,,,,,,
60933_8_TOP_1,60933,8,TOP,1,5.36,0.43,0.43,0.065,7,0.04,1.7,21.6,0.2,57,5.57,0.71,0.12,0.71,7.11,18.77,3.56,0.0,324.04,71.43,Bray,0.0,0.39,,,1198.04,87.43,38.2,6.75,5.36,15.77,,,NO3N below detection,,P below detection,,
60933_8_TOP_2,60933,8,TOP,2,,,,,,,,,,,,,,,,,0.0,1.96,275.78,67.72,Bray,0.24,,,,1149.77,79.24,35.07,6.49,,,,,NH4N below detection,,,,
60933_8_TOP_3,60933,8,TOP,3,,,,,,,,,,,,,,,,,2.11,2.32,316.26,72.97,Bray,0.09,,,,1201.15,75.04,41.7,6.54,,,,,,,,,
60933_9_TOP_1,60933,9,TOP,1,5.45,0.46,0.46,0.068,6,0.04,1.0,19.5,0.2,53,5.9,0.77,0.11,0.85,7.63,19.22,2.49,1.25,281.22,52.29,Bray,0.04,0.5,,,938.11,58.95,40.36,9.96,5.59,16.6,,,,,,,
60933_9_TOP_2,60933,9,TOP,2,,,,,,,,,,,,,,,,,0.3,3.08,297.54,55.59,Bray,0.22,,,,668.15,36.12,42.22,10.25,,,,,,,,,
60933_9_TOP_3,60933,9,TOP,3,,,,,,,,,,,,,,,,,1.03,3.45,266.23,53.78,Bray,0.12,,,,914.43,51.01,41.65,9.78,,,,,,,,,
60938_1_BTM_1,60938,1,BTM,1,1.08,0.14,0.14,0.013,11,0.22,0.2,11.7,1.7,43,6.18,5.46,0.11,0.32,12.07,14.44,0.0,0.0,15.13,2.16,Bray,0.89,1.31,,Out_of_Range,47.96,5.12,17.46,1.23,5.5,19.21,,,"NO3N below detection, NH4N below detection",,,,
60938_1_BTM_2,60938,1,BTM,2,,,,,,,,,,,,,,,,,0.31,0.0,15.8,1.81,Bray,1.61,,,,40.09,3.1,16.8,1.41,,,,,NO3N below detection,,,,
60938_1_BTM_3,60938,1,BTM,3,,,,,,,,,,,,,,,,,1.81,0.0,37.1,6.44,Bray,1.35,,,,39.7,2.91,18.7,1.78,,,,,NO3N below detection,,,,
60938_1_TOP_1,60938,1,TOP,1,2.34,0.2,0.2,0.014,9,0.42,1.5,17.0,0.9,108,3.4,1.97,0.07,0.26,5.7,10.29,1.14,0.0,135.17,27.41,Bray,0.0,1.11,0.003640239,,167.08,20.0,34.54,3.07,5.58,26.37,,,NO3N below detection,,P below detection,,
60938_1_TOP_2,60938,1,TOP,2,,,,,,,,,,,,,,,,,2.76,3.81,106.26,28.98,Bray,0.13,,,,110.72,8.6,28.09,2.03,,,,,,,,,
60938_1_TOP_3,60938,1,TOP,3,,,,,,,,,,,,,,,,,5.18,3.8,111.57,27.65,Bray,0.0,,,,125.1,10.84,27.15,1.89,,,,,,,P below detection,,
60938_2_BTM_1,60938,2,BTM,1,0.61,0.1,0.1,0.008,10,0.18,0.7,3.4,1.4,69,0.71,0.97,0.09,0.14,1.91,7.98,0.65,0.15,41.23,2.97,Bray,0.19,1.6,,Out_of_Range,35.6,5.76,19.66,1.15,4.86,13.93,,,,,,,
60938_2_BTM_2,60938,2,BTM,2,,,,,,,,,,,,,,,,,1.35,0.0,47.32,3.48,Bray,0.97,,,,37.22,3.79,18.23,1.48,,,,,NO3N below detection,,,,
60938_2_BTM_3,60938,2,BTM,3,,,,,,,,,,,,,,,,,3.13,0.0,46.39,4.13,Bray,0.98,,,,24.61,3.42,19.6,1.54,,,,,NO3N below detection,,,,
60938_2_TOP_1,60938,2,TOP,1,3.48,0.28,0.28,0.015,7,0.16,3.6,26.5,0.9,58,4.18,1.44,0.07,0.4,6.09,11.26,0.0,4.3,173.41,36.31,Bray,3.06,0.99,0.054317974,,104.06,12.52,59.6,4.48,6.13,28.64,,,NH4N below detection,,,,
60938_2_TOP_2,60938,2,TOP,2,,,,,,,,,,,,,,,,,4.05,0.58,150.15,40.04,Bray,5.06,,,,103.74,9.01,27.33,2.63,,,,,,,,,
60938_2_TOP_3,60938,2,TOP,3,,,,,,,,,,,,,,,,,4.48,1.0,158.02,36.02,Bray,4.9,,,,129.52,8.44,36.53,2.73,,,,,,,,,
60938_3_BTM_1,60938,3,BTM,1,5.31,0.48,0.48,0.07,6,0.82,2.7,1.7,2.3,194,22.2,9.87,0.38,0.26,32.71,8.77,0.38,0.0,12.8,1.35,Bray,0.67,0.89,,Out_of_Range,218.46,14.19,50.55,5.14,6.2,42.7,,,NO3N below detection,,,,
60938_3_BTM_2,60938,3,BTM,2,,,,,,,,,,,,,,,,,0.0,0.0,12.46,2.22,Bray,9.16,,,,229.84,13.13,49.0,5.13,,,,,"NO3N below detection, NH4N below detection",,,,
60938_3_BTM_3,60938,3,BTM,3,,,,,,,,,,,,,,,,,1.31,0.0,22.77,3.53,Bray,1.48,,,,270.15,14.85,49.17,5.21,,,,,NO3N below detection,,,,
60938_3_TOP_1,60938,3,TOP,1,7.94,0.69,0.69,0.076,5,0.78,10.9,0.7,1.5,128,17.65,7.19,0.16,0.4,25.4,15.44,2.11,4.1,64.01,16.81,Bray,0.0,0.59,0.005986701,,492.37,31.65,68.88,12.48,6.8,63.78,,,,,P below detection,,
60938_3_TOP_2,60938,3,TOP,2,,,,,,,,,,,,,,,,,1.56,1.34,75.82,18.14,Bray,0.49,,,,559.43,23.29,61.87,11.16,,,,,,,,,
60938_3_TOP_3,60938,3,TOP,3,,,,,,,,,,,,,,,,,4.89,0.78,51.28,15.79,Bray,0.33,,,,503.75,19.13,65.91,10.88,,,,,,,,,
60938_4_BTM_1,60938,4,BTM,1,1.66,0.19,0.19,0.024,2,0.45,0.2,4.1,0.7,16,9.1,5.7,0.11,0.32,15.23,28.07,0.3,0.0,18.2,4.67,Bray,0.33,1.22,0.022813892,,80.93,7.51,14.57,1.05,7.32,16.86,,,NO3N below detection,,,,
60938_4_BTM_2,60938,4,BTM,2,,,,,,,,,,,,,,,,,0.3,0.0,18.61,4.29,Bray,1.18,,,,65.06,6.49,17.22,1.57,,,,,NO3N below detection,,,,
60938_4_BTM_3,60938,4,BTM,3,,,,,,,,,,,,,,,,,2.86,0.0,19.35,2.96,Bray,1.84,,,,81.94,4.56,14.18,1.03,,,,,NO3N below detection,,,,
60938_4_TOP_1,60938,4,TOP,1,6.44,0.5,0.5,0.081,6,0.57,10.9,1.1,0.9,37,15.86,7.42,0.12,0.37,23.77,20.81,2.28,0.67,139.16,27.9,Bray,0.0,0.78,0.005979569,,367.92,23.26,76.36,11.82,6.91,44.19,,,,,P below detection,,
60938_4_TOP_2,60938,4,TOP,2,,,,,,,,,,,,,,,,,1.81,0.0,102.12,24.36,Bray,0.0,,,,319.02,15.39,75.71,9.78,,,,,NO3N below detection,,P below detection,,
60938_4_TOP_3,60938,4,TOP,3,,,,,,,,,,,,,,,,,4.19,0.0,102.06,24.14,Bray,0.05,,,,326.86,15.33,76.17,10.51,,,,,NO3N below detection,,,,
60938_5_BTM_1,60938,5,BTM,1,1.04,0.16,0.16,0.017,6,0.17,0.8,8.2,0.8,59,3.98,1.89,0.25,0.18,6.3,7.61,0.0,0.0,49.28,10.15,Bray,2.62,1.82,0.013380515,,107.3,6.9,13.56,1.98,5.87,20.62,,,"NO3N below detection, NH4N below detection",,,,
60938_5_BTM_2,60938,5,BTM,2,,,,,,,,,,,,,,,,,1.46,0.0,56.84,11.43,Bray,2.27,,,,73.48,5.0,14.35,1.93,,,,,NO3N below detection,,,,
60938_5_BTM_3,60938,5,BTM,3,,,,,,,,,,,,,,,,,2.98,0.0,54.39,11.92,Bray,3.44,,,,70.17,4.55,14.64,1.92,,,,,NO3N below detection,,,,
60938_5_TOP_1,60938,5,TOP,1,7.41,0.54,0.54,0.057,11,0.44,15.8,35.7,1.8,154,12.82,4.18,0.26,0.37,17.63,27.74,0.44,0.76,166.62,34.9,Bray,0.0,0.48,0.006005362,,355.83,29.94,95.24,8.75,5.89,59.87,,,,,P below detection,,
60938_5_TOP_2,60938,5,TOP,2,,,,,,,,,,,,,,,,,3.14,3.46,206.22,43.92,Bray,1.17,,,,336.5,23.77,98.59,9.01,,,,,,,,,
60938_5_TOP_3,60938,5,TOP,3,,,,,,,,,,,,,,,,,7.44,4.53,409.85,92.19,Bray,0.74,,,,378.05,24.17,96.93,9.1,,,,,,,,,
60938_6_BTM_1,60938,6,BTM,1,1.14,0.17,0.17,0.013,5,0.21,0.4,3.0,1.1,33,6.61,3.61,0.13,0.28,10.63,14.04,0.0,0.0,26.79,3.36,Bray,1.17,1.06,,,42.91,5.16,69.58,2.19,6.0,13.43,,,"NO3N below detection, NH4N below detection",,,,
60938_6_BTM_2,60938,6,BTM,2,,,,,,,,,,,,,,,,,1.35,0.0,22.59,3.59,Bray,1.93,,,,31.38,3.69,66.19,1.67,,,,,NO3N below detection,,,,
60938_6_BTM_3,60938,6,BTM,3,,,,,,,,,,,,,,,,,3.82,0.5,17.92,1.24,Bray,1.86,,,,104.32,6.97,61.87,1.8,,,,,,,,,
60938_6_TOP_1,60938,6,TOP,1,6.81,0.52,0.52,0.047,8,0.28,11.4,43.1,1.5,137,8.17,2.97,0.11,0.42,11.67,15.5,0.82,0.0,248.44,62.57,Bray,0.0,0.84,,,259.13,22.38,62.26,5.34,5.87,38.07,,,NO3N below detection,,P below detection,,
60938_6_TOP_2,60938,6,TOP,2,,,,,,,,,,,,,,,,,1.72,1.54,307.12,65.92,Bray,0.13,,,,187.71,12.8,51.21,4.33,,,,,,,,,
60938_6_TOP_3,60938,6,TOP,3,,,,,,,,,,,,,,,,,3.53,2.89,96.35,27.6,Bray,0.0,,,,300.29,17.3,52.34,4.44,,,,,,,P below detection,,
60940_1_BTM_1,60940,1,BTM,1,3.1,0.32,0.32,0.022,4,0.37,32.1,5.5,0.3,60,8.02,1.16,0.03,1.06,10.27,18.82,0.0,0.0,322.75,15.4,Bray,1.29,0.86,0.021147299,,698.57,47.58,22.17,2.6,6.39,6.8,,Zn high,"NO3N below detection, NH4N below detection",,,,
60940_1_BTM_2,60940,1,BTM,2,,,,,,,,,,,,,,,,,4.19,0.0,244.25,14.71,Bray,1.22,,,,950.45,66.08,20.79,3.08,,,,,NO3N below detection,,,,
60940_1_BTM_3,60940,1,BTM,3,,,,,,,,,,,,,,,,,6.48,0.0,95.35,16.19,Bray,3.28,,,,885.86,60.75,19.27,2.78,,,,,NO3N below detection,,,,
60940_1_TOP_1,60940,1,TOP,1,3.66,0.36,0.36,0.043,3,0.19,31.9,6.7,0.5,42,8.81,1.5,0.04,1.34,11.69,19.26,0.26,0.0,434.97,27.77,Bray,10.75,0.5,,Out_of_Range,642.02,44.63,53.06,6.05,6.68,3.66,,Zn high,NO3N below detection,,,,
60940_1_TOP_2,60940,1,TOP,2,,,,,,,,,,,,,,,,,0.0,0.0,638.28,33.92,Bray,9.64,,,,1007.23,73.97,57.76,6.94,,,,,"NO3N below detection, NH4N below detection",,,,
60940_1_TOP_3,60940,1,TOP,3,,,,,,,,,,,,,,,,,0.57,0.0,439.42,28.86,Bray,12.0,,,,1065.84,72.08,48.29,6.09,,,,,NO3N below detection,,,,
60940_2_BTM_1,60940,2,BTM,1,4.38,0.45,0.45,0.051,6,0.47,7.3,0.2,0.6,55,19.27,2.01,0.08,0.43,21.79,28.38,5.17,0.0,338.67,18.11,Olsen,0.0,0.93,0.00756136,,1216.09,71.24,13.34,2.91,7.51,18.93,,,NO3N below detection,,P below detection,,
60940_2_BTM_2,60940,2,BTM,2,,,,,,,,,,,,,,,,,4.81,0.0,484.18,18.78,Olsen,0.4,,,,1652.56,69.14,14.06,2.94,,,,,NO3N below detection,,,,
60940_2_BTM_3,60940,2,BTM,3,,,,,,,,,,,,,,,,,7.44,0.0,126.91,16.11,Olsen,0.0,,,,866.98,47.39,13.52,3.02,,,,,NO3N below detection,,P below detection,,
60940_2_TOP_1,60940,2,TOP,1,5.75,0.51,0.51,0.051,10,0.61,9.1,3.8,0.7,45,22.63,2.2,0.08,0.47,25.38,33.9,0.0,0.0,592.57,35.67,Bray,0.75,0.41,,Out_of_Range,1312.57,65.48,60.14,6.1,7.1,7.56,,,"NO3N below detection, NH4N below detection",,,,
60940_2_TOP_2,60940,2,TOP,2,,,,,,,,,,,,,,,,,0.6,0.0,450.43,35.75,Bray,4.25,,,,1254.17,68.49,63.09,6.69,,,,,NO3N below detection,,,,
60940_2_TOP_3,60940,2,TOP,3,,,,,,,,,,,,,,,,,3.24,0.14,256.24,32.41,Bray,0.59,,,,1390.45,70.27,58.15,6.03,,,,,,,,,
60940_3_BTM_1,60940,3,BTM,1,1.41,0.2,0.2,0.005,1,0.14,0.2,0.7,0.2,20,9.79,1.12,0.05,0.91,11.87,18.85,4.01,0.0,383.57,16.28,Bray,10.61,1.03,,Out_of_Range,1079.91,77.93,12.12,1.45,6.63,9.89,,,NO3N below detection,,,,
60940_3_BTM_2,60940,3,BTM,2,,,,,,,,,,,,,,,,,2.99,0.0,138.78,18.76,Bray,8.21,,,,1236.18,84.77,9.98,1.57,,,,,NO3N below detection,,,,
60940_3_BTM_3,60940,3,BTM,3,,,,,,,,,,,,,,,,,6.73,0.0,128.8,18.73,Bray,4.77,,,,1024.07,72.98,11.66,1.19,,,,,NO3N below detection,,,,
60940_3_TOP_1,60940,3,TOP,1,2.49,0.28,0.28,0.029,2,0.14,0.4,3.0,0.2,20,11.52,1.33,0.05,1.39,14.29,18.22,1.22,0.0,311.6,26.55,Bray,25.75,0.29,0.019072757,,949.22,69.08,39.06,4.06,6.43,4.92,,,NO3N below detection,,,,
60940_3_TOP_2,60940,3,TOP,2,,,,,,,,,,,,,,,,,0.0,1.41,308.17,25.09,Bray,26.53,,,,1066.28,76.14,43.14,4.48,,,,,NH4N below detection,,,,
60940_3_TOP_3,60940,3,TOP,3,,,,,,,,,,,,,,,,,1.22,1.73,423.56,25.12,Bray,24.88,,,,1360.52,98.19,39.98,4.41,,,,,,,,,
60940_4_BTM_1,60940,4,BTM,1,2.37,0.27,0.27,0.012,5,0.14,0.4,2.4,0.2,31,9.74,1.2,0.05,1.08,12.07,26.19,2.97,0.0,161.9,23.52,Bray,22.94,0.94,0.040922702,,1053.82,70.36,,,6.33,9.17,,,NO3N below detection,,,,
60940_4_BTM_2,60940,4,BTM,2,,,,,,,,,,,,,,,,,1.96,0.0,332.77,21.22,Bray,22.05,,,,1146.41,80.28,15.62,4.34,,,,,NO3N below detection,,,,
60940_4_BTM_3,60940,4,BTM,3,,,,,,,,,,,,,,,,,4.66,0.0,361.81,26.79,Bray,22.29,,,,1126.24,80.0,14.11,3.49,,,,,NO3N below detection,,,,
60940_4_TOP_1,60940,4,TOP,1,2.31,0.26,0.26,0.031,6,0.15,0.5,3.6,0.3,30,10.92,1.4,0.04,1.26,13.62,18.97,0.26,1.09,339.96,24.6,Bray,39.31,0.53,,Out_of_Range,1148.86,83.87,51.44,5.28,6.05,5.21,,,,,,,
60940_4_TOP_2,60940,4,TOP,2,,,,,,,,,,,,,,,,,0.0,0.0,133.65,25.26,Bray,39.19,,,,879.86,65.88,25.79,3.1,,,,,"NO3N below detection, NH4N below detection",,,,
60940_4_TOP_3,60940,4,TOP,3,,,,,,,,,,,,,,,,,2.18,0.0,149.97,22.79,Bray,39.46,,,,1274.78,92.94,27.97,3.12,,,,,NO3N below detection,,,,
60940_5_BTM_1,60940,5,BTM,1,3.02,0.45,0.45,0.033,4,0.22,0.5,2.4,0.5,21,13.69,0.67,0.03,0.34,14.73,19.3,0.97,2.91,180.65,25.41,Bray,0.47,0.96,0.482539646,,1112.46,72.28,8.92,2.55,7.35,11.56,,,,,,,
60940_5_BTM_2,60940,5,BTM,2,,,,,,,,,,,,,,,,,0.0,0.0,344.67,34.97,Bray,1.25,,,,1043.62,63.92,12.07,2.35,,,,,"NO3N below detection, NH4N below detection",,,,
60940_5_BTM_3,60940,5,BTM,3,,,,,,,,,,,,,,,,,3.74,1.18,493.12,34.07,Bray,1.42,,,,969.8,61.04,10.02,2.46,,,,,,,,,
60940_5_TOP_1,60940,5,TOP,1,3.09,0.46,0.46,0.031,6,0.25,0.5,2.2,0.5,21,16.26,0.57,0.04,0.21,17.08,20.34,0.0,0.0,295.01,31.59,Bray,4.11,0.62,,Out_of_Range,1121.76,73.37,27.83,3.18,7.06,4.96,,,"NO3N below detection, NH4N below detection",,,,
60940_5_TOP_2,60940,5,TOP,2,,,,,,,,,,,,,,,,,0.26,2.37,219.11,31.52,Bray,3.56,,,,1064.92,74.36,25.6,2.89,,,,,,,,,
60940_5_TOP_3,60940,5,TOP,3,,,,,,,,,,,,,,,,,1.86,2.69,215.47,31.42,Bray,3.95,,,,1286.91,88.76,23.47,3.03,,,,,,,,,
60940_6_BTM_1,60940,6,BTM,1,2.78,0.39,0.39,0.019,7,0.22,0.6,2.2,0.5,86,6.13,0.62,0.04,0.22,7.01,18.29,1.02,0.0,683.17,20.1,Bray,2.07,0.97,,,1404.69,92.55,9.27,1.45,5.88,15.35,,,NO3N below detection,,,,
60940_6_BTM_2,60940,6,BTM,2,,,,,,,,,,,,,,,,,2.1,4.12,371.01,15.36,Bray,3.18,,,,1227.89,81.08,10.86,1.74,,,,,,,,,
60940_6_BTM_3,60940,6,BTM,3,,,,,,,,,,,,,,,,,4.27,4.12,92.13,18.91,Bray,4.45,,,,1159.81,75.61,5.61,0.98,,,,,,,,,
60940_6_TOP_1,60940,6,TOP,1,5.21,0.61,0.61,0.04,10,0.35,2.8,9.1,0.8,130,10.66,1.28,0.06,0.82,12.82,25.21,0.0,1.9,531.88,56.19,Bray,2.9,0.54,,,1797.31,132.45,29.93,5.75,6.06,12.95,,,NH4N below detection,,,,
60940_6_TOP_2,60940,6,TOP,2,,,,,,,,,,,,,,,,,0.29,0.85,425.48,57.89,Bray,5.46,,,,1994.31,141.36,31.45,5.78,,,,,,,,,
60940_6_TOP_3,60940,6,TOP,3,,,,,,,,,,,,,,,,,2.75,1.2,508.26,64.16,Bray,4.08,,,,2113.3,141.16,28.26,5.51,,,,,,,,,
60942_1_BTM_1,60942,1,BTM,1,7.96,0.22,0.22,0.021,4,0.33,0.5,1.2,0.7,189,8.42,3.32,0.11,0.06,11.91,17.26,5.93,0.0,75.66,8.73,Bray,16.83,1.18,,,393.17,18.06,50.1,3.93,6.41,25.25,,,NO3N below detection,,,,
60942_1_BTM_2,60942,1,BTM,2,,,,,,,,,,,,,,,,,0.33,0.0,610.03,10.89,Bray,14.81,,,,381.53,13.4,47.36,3.49,,,,,NO3N below detection,,,,
60942_1_BTM_3,60942,1,BTM,3,,,,,,,,,,,,,,,,,1.92,0.0,314.51,11.19,Bray,16.42,,,,523.02,17.52,59.38,4.47,,,,,NO3N below detection,,,,
60942_1_TOP_1,60942,1,TOP,1,6.65,0.28,0.28,0.031,18,0.21,0.9,3.5,0.3,149,7.95,2.39,0.15,0.21,10.7,17.43,2.47,0.0,244.13,36.06,Bray,1.66,0.62,,,375.64,23.25,65.37,15.77,5.71,31.45,,,NO3N below detection,,,,
60942_1_TOP_2,60942,1,TOP,2,,,,,,,,,,,,,,,,,0.35,0.0,227.8,39.86,Bray,1.39,,,,309.91,16.58,61.82,15.24,,,,,NO3N below detection,,,,
60942_1_TOP_3,60942,1,TOP,3,,,,,,,,,,,,,,,,,2.05,0.0,173.16,33.51,Bray,0.29,,,,353.47,22.17,59.01,15.14,,,,,NO3N below detection,,,,
60942_2_BTM_1,60942,2,BTM,1,0.76,0.07,0.07,0.009,7,0.23,0.3,6.1,4.0,79,5.77,1.74,0.1,0.06,7.67,16.79,0.0,0.0,35.12,1.12,Bray,15.2,1.24,,,199.95,12.94,46.4,1.97,6.84,26.69,,,"NO3N below detection, NH4N below detection",,,,
60942_2_BTM_2,60942,2,BTM,2,,,,,,,,,,,,,,,,,0.33,0.0,31.55,1.43,Bray,14.07,,,,105.44,9.85,12.58,0.6,,,,,NO3N below detection,,,,
60942_2_BTM_3,60942,2,BTM,3,,,,,,,,,,,,,,,,,2.36,0.0,15.54,1.73,Bray,15.32,,,,132.23,7.49,12.5,0.62,,,,,NO3N below detection,,,,
60942_2_TOP_1,60942,2,TOP,1,3.47,0.19,0.19,0.028,6,0.36,0.8,1.1,1.6,223,7.1,2.42,0.11,0.19,9.82,30.5,7.22,0.0,229.75,31.45,Bray,7.41,0.44,,,358.47,16.16,85.3,3.78,6.32,47.03,,,NO3N below detection,,,,
60942_2_TOP_2,60942,2,TOP,2,,,,,,,,,,,,,,,,,3.81,0.0,114.28,11.55,Bray,6.31,,,,270.81,14.11,137.92,7.22,,,,,NO3N below detection,,,,
60942_2_TOP_3,60942,2,TOP,3,,,,,,,,,,,,,,,,,5.75,0.0,90.6,8.5,Bray,5.86,,,,255.65,12.96,46.83,2.78,,,,,NO3N below detection,,,,
60942_3_BTM_1,60942,3,BTM,1,16.06,0.69,0.69,0.063,4,1.0,0.2,1.9,0.5,656,3.92,2.08,0.2,0.19,6.39,14.37,0.0,0.0,145.6,19.78,Bray,69.6,0.71,,,647.86,30.15,144.36,7.4,5.8,89.24,,,"NO3N below detection, NH4N below detection",,,,
60942_3_BTM_2,60942,3,BTM,2,,,,,,,,,,,,,,,,,2.51,0.0,143.92,22.39,Bray,65.48,,,,555.8,25.04,141.08,7.29,,,,,NO3N below detection,,,,
60942_3_BTM_3,60942,3,BTM,3,,,,,,,,,,,,,,,,,7.76,0.0,63.3,8.07,Bray,70.06,,,,490.98,24.46,148.64,6.78,,,,,NO3N below detection,,,,
60942_3_TOP_1,60942,3,TOP,1,10.69,0.52,0.52,0.061,15,0.57,0.4,4.0,0.6,412,7.68,4.75,0.25,0.36,13.04,22.47,0.51,0.0,668.03,85.29,Bray,19.29,0.33,,,635.52,34.11,269.72,14.4,6.01,81.82,,,NO3N below detection,,,,
60942_3_TOP_2,60942,3,TOP,2,,,,,,,,,,,,,,,,,3.02,0.0,844.43,109.9,Bray,18.1,,,,733.47,30.53,292.42,14.59,,,,,NO3N below detection,,,,
60942_3_TOP_3,60942,3,TOP,3,,,,,,,,,,,,,,,,,16.19,0.0,459.54,59.63,Bray,18.06,,,,655.24,31.36,,,,,,,NO3N below detection,,,,
60942_4_BTM_1,60942,4,BTM,1,0.92,0.09,0.09,0.025,49,0.15,0.2,5.2,2.9,28,7.67,3.23,0.3,0.07,11.27,6.11,0.0,0.0,69.8,6.06,Olsen,3.08,1.32,,Out_of_Range,50.42,8.3,58.64,3.72,7.81,23.17,,,"NO3N below detection, NH4N below detection",,,,
60942_4_BTM_2,60942,4,BTM,2,,,,,,,,,,,,,,,,,1.89,0.0,75.63,6.62,Olsen,3.84,,,,207.81,15.49,56.4,3.63,,,,,NO3N below detection,,,,
60942_4_BTM_3,60942,4,BTM,3,,,,,,,,,,,,,,,,,3.85,0.0,75.98,9.53,Olsen,2.99,,,,51.05,3.21,55.43,3.57,,,,,NO3N below detection,,,,
60942_4_TOP_1,60942,4,TOP,1,10.08,0.72,0.72,0.119,334,0.64,8.6,3.3,0.7,45,20.1,9.26,0.92,0.64,30.92,18.09,0.0,0.0,300.14,44.98,Bray,1.24,0.45,0.03425385,,158.76,8.34,395.17,58.29,7.27,69.13,,,"NO3N below detection, NH4N below detection",,,,
60942_4_TOP_2,60942,4,TOP,2,,,,,,,,,,,,,,,,,2.77,0.0,728.12,104.9,Bray,1.09,,,,350.65,17.23,376.75,59.21,,,,,NO3N below detection,,,,
60942_4_TOP_3,60942,4,TOP,3,,,,,,,,,,,,,,,,,7.39,0.0,333.19,51.34,Bray,0.58,,,,378.36,12.97,470.61,68.33,,,,,NO3N below detection,,,,
60942_5_BTM_1,60942,5,BTM,1,1.22,0.09,0.09,0.015,32,0.16,0.1,5.7,1.5,83,6.67,2.1,0.32,0.09,9.18,9.0,0.0,0.0,55.05,6.99,Bray,53.83,1.23,,,394.85,18.84,60.28,3.37,7.14,28.73,,,"NO3N below detection, NH4N below detection",,,,
60942_5_BTM_2,60942,5,BTM,2,,,,,,,,,,,,,,,,,0.0,0.0,67.59,8.35,Bray,48.06,,,,406.87,15.08,56.24,2.89,,,,,"NO3N below detection, NH4N below detection",,,,
60942_5_BTM_3,60942,5,BTM,3,,,,,,,,,,,,,,,,,2.82,0.0,60.0,6.53,Bray,46.86,,,,186.74,8.69,55.99,2.64,,,,,NO3N below detection,,,,
60942_5_TOP_1,60942,5,TOP,1,3.91,0.24,0.24,0.042,45,0.14,0.9,2.4,0.6,108,6.46,2.6,0.36,0.1,9.52,15.46,0.0,2.21,176.07,38.27,Bray,0.0,0.87,,,24.1,11.5,127.56,10.84,6.69,50.61,,,NH4N below detection,,P below detection,,
60942_5_TOP_2,60942,5,TOP,2,,,,,,,,,,,,,,,,,0.0,0.0,132.95,22.76,Bray,1.0,,,,162.27,10.08,108.03,7.67,,,,,"NO3N below detection, NH4N below detection",,,,
60942_5_TOP_3,60942,5,TOP,3,,,,,,,,,,,,,,,,,2.42,0.0,204.11,38.39,Bray,0.0,,,,49.73,4.23,114.53,7.92,,,,,NO3N below detection,,P below detection,,
60942_6_BTM_1,60942,6,BTM,1,0.97,0.08,0.08,0.055,177,0.12,0.1,0.9,3.6,37,9.95,3.39,0.73,0.07,14.14,19.61,1.89,0.0,138.55,11.25,Olsen,10.17,1.3,,,287.27,33.77,126.45,6.82,8.1,23.12,,,NO3N below detection,,,,
60942_6_BTM_2,60942,6,BTM,2,,,,,,,,,,,,,,,,,0.0,0.0,125.54,9.05,Olsen,7.87,,,,459.65,19.31,137.99,6.51,,,,,"NO3N below detection, NH4N below detection",,,,
60942_6_BTM_3,60942,6,BTM,3,,,,,,,,,,,,,,,,,2.28,0.16,137.14,10.77,Olsen,7.86,,,,283.33,12.93,131.75,6.89,,,,,,,,,
60942_6_TOP_1,60942,6,TOP,1,,,,,,,,,,,,,,,,,0.75,7.77,2379.9,259.43,Bray,13.58,0.11,,,718.09,46.71,1319.96,68.21,5.71,157.06,,,,,,,
60942_6_TOP_2,60942,6,TOP,2,,,,,,,,,,,,,,,,,1.68,12.42,2398.97,276.85,Bray,9.52,,,,910.44,37.34,1180.91,60.47,,,,,,,,,
60942_6_TOP_3,60942,6,TOP,3,,,,,,,,,,,,,,,,,10.03,14.29,3046.84,328.51,Bray,10.9,,,,1160.51,53.15,1252.31,64.28,,,,,,,,,
60946_1_BTM_1,60946,1,BTM,1,3.33,0.33,0.33,0.089,446,4.56,1.5,1.1,5.9,459,2.54,9.06,26.29,1.87,39.76,29.43,1.35,0.0,50.97,3.23,Bray,1.14,0.63,,,1533.05,56.18,190.34,7.27,5.43,79.18,,,NO3N below detection,filter-blank 34.03 mg/L NPOC,,,
60946_1_BTM_2,60946,1,BTM,2,,,,,,,,,,,,,,,,,1.23,0.0,441.76,5.99,Bray,1.21,,,,1248.12,51.18,133.03,4.11,,,,,NO3N below detection,filter-blank 34.03 mg/L NPOC,,,
60946_1_BTM_3,60946,1,BTM,3,,,,,,,,,,,,,,,,,4.22,0.0,542.58,11.06,Bray,1.23,,,,1721.14,36.51,175.9,6.34,,,,,NO3N below detection,filter-blank 34.03 mg/L NPOC,,,
60946_1_TOP_1,60946,1,TOP,1,11.06,0.95,0.95,0.172,406,8.73,1.6,4.1,1.9,378,4.08,9.21,29.03,2.15,44.47,27.21,17.1,0.14,343.05,48.05,Bray,7.21,0.24,,,2266.54,49.41,273.93,34.49,6.46,200.01,,,,filter-blank 34.03 mg/L NPOC,,,
60946_1_TOP_2,60946,1,TOP,2,,,,,,,,,,,,,,,,,20.58,5.13,1048.92,63.8,Bray,7.3,,,,2208.62,61.71,237.61,30.38,,,,,,filter-blank 34.03 mg/L NPOC,,,
60946_1_TOP_3,60946,1,TOP,3,,,,,,,,,,,,,,,,,21.69,0.71,1208.28,61.11,Bray,8.13,,,,4452.95,112.06,202.17,26.71,,,,,,filter-blank 34.03 mg/L NPOC,,,
60946_2_BTM_1,60946,2,BTM,1,1.54,0.14,0.14,0.03,13,1.42,1.3,0.7,0.4,828,0.97,2.1,0.53,0.43,4.03,9.57,0.0,0.0,748.81,20.47,Bray,60.96,0.71,,,1313.91,78.57,20.37,7.54,4.71,35.56,,,"NO3N below detection, NH4N below detection",,,,
60946_2_BTM_2,60946,2,BTM,2,,,,,,,,,,,,,,,,,0.0,0.0,1057.11,20.89,Bray,25.36,,,,1300.21,66.78,24.3,7.16,,,,,"NO3N below detection, NH4N below detection",,,,
60946_2_BTM_3,60946,2,BTM,3,,,,,,,,,,,,,,,,,2.13,0.0,1051.17,21.88,Bray,61.4,,,,1686.68,63.66,24.69,7.76,,,,,NO3N below detection,,,,
60946_2_TOP_1,60946,2,TOP,1,9.44,0.55,0.55,0.159,185,1.47,2.8,1.5,0.5,759,0.89,1.82,4.23,0.63,7.57,29.97,0.74,0.0,2909.82,33.32,Bray,0.0,0.17,,,2738.12,122.97,29.74,5.32,3.81,152.23,,,NO3N below detection,,P below detection,,
60946_2_TOP_2,60946,2,TOP,2,,,,,,,,,,,,,,,,,3.46,0.0,2310.17,26.87,Bray,130.5,,,,2798.0,96.96,24.67,3.18,,,,,NO3N below detection,,,,
60946_2_TOP_3,60946,2,TOP,3,,,,,,,,,,,,,,,,,7.1,0.0,2314.3,33.49,Bray,0.0,,,,2329.82,98.9,24.93,4.04,,,,,NO3N below detection,,P below detection,,
